# Giorgio Chelli, Massimo Monai
# Deflection Team
# ML-CUP25 v1
# Submission Date (22/01/2026)
1,-5.85606061056595,-4.24082142256395,11.374854077955,-2.21649158848071
2,-4.06884247227669,-5.54926169750554,-35.4910054177631,20.7863047333738
3,-3.85865421245666,-4.76044551002774,-16.6959476863302,-5.99679244492856
4,-9.52966924290215,-11.2340275466022,-25.5392743790617,9.56821328261159
5,13.3658329787652,-21.2952108792832,-13.039699508586,31.4584942658523
6,4.58118103036467,5.23386912233478,7.11437695734735,-6.22799362244446
7,-1.87274164307134,14.6057061595368,-40.7617670706316,15.445290417651
8,0.0101239245373124,1.30321571316177,10.0778277514169,-8.60800243859835
9,4.93459994322954,-12.4049748984011,24.7612306654472,-14.9799725391886
10,-4.60612651054486,-1.70619348504132,8.35632404554602,-0.64254987691451
11,-13.7726911267979,15.8565664759513,13.2929785286068,-20.8262814586111
12,4.44896109436378,-7.9415702395332,17.2035418289007,-20.7202659463975
13,2.29216792266699,-7.35965288561546,13.4392887010716,-14.5688979579846
14,5.53639653786704,5.05648788513885,6.41492881944327,-2.00495819505449
15,-2.90846734193611,-8.43898477486194,-13.166645441012,1.79940120892974
16,-14.7702327738759,-1.74467506265348,20.5749934376892,-16.1471776458666
17,-17.7981514344282,-2.79413725512288,-37.5181425510924,5.29964394871697
18,1.48314413933133,8.40312781814585,7.42600668329469,-8.72825242313282
19,5.27761385848008,14.7811351655548,-2.64451616924769,21.0241541983404
20,-5.9995131396825,-1.08617530072644,18.7526462308812,-16.4498996721517
21,12.2309964845257,28.9225403311874,-31.0015175044628,19.3759425381691
22,-2.2537339879084,-9.27593607110465,13.364396815914,-1.19167225553015
23,13.576237560663,-3.10786524307836,9.73183745209021,-19.6183813130917
24,-7.80406453104322,7.66532156143986,-30.2905194424248,4.89535025990033
25,-20.0362697576803,-1.4289885132337,22.1460169606511,-19.0528009516603
26,7.95918417675624,-6.97271409292024,-28.1630020301301,29.3752725814196
27,10.0045446217394,4.84845073142242,12.7672459666828,-12.941061698415
28,-4.1102812512176,6.14701595835042,-0.793391168760511,-8.62416411063947
29,-11.8934234450747,10.8717705831526,11.9016044495705,-24.8857498002812
30,-32.9684850627915,13.5576231146556,-44.4106077889346,11.1241807247321
31,-13.5831485242328,-10.8866382032129,25.8228035971605,-13.1124266383544
32,10.5222605806732,3.48340793525098,-34.7130844757263,23.3396643681176
33,-6.37026817447148,6.95827049904237,-14.2228989013804,5.63565873669239
34,-6.07315072794436,0.344788936124393,-26.7151104833049,26.5552869746249
35,4.74657700304261,-10.087639243086,-16.5081262449149,43.6745529491269
36,16.8648979208359,-1.14541578845658,20.3811275373015,-18.1822617479161
37,3.71986061487476,-11.7316172146241,8.61097441159763,-6.50950309113848
38,3.6935231180409,-20.1650572259385,-17.1226274120729,36.844780237904
39,8.11004004114844,3.21481034445263,-38.4904032886749,11.598220173987
40,12.4746909378484,17.2155704252227,-25.5238249216576,19.6107713498807
41,-10.5152134250564,10.1599448595395,-15.7173672142123,29.4211902882394
42,12.381283780885,-3.14874988012338,20.9584290468106,-18.1071138481072
43,11.6184736101372,-0.881212960250688,19.4972919958673,-22.4742968871106
44,-14.1247910429119,1.65455460756244,-17.9802043382683,31.982005102371
45,11.9313610384834,20.6461953984953,-20.6683027773302,19.5018762038399
46,3.906338140852,11.8196101160189,-37.294787994147,23.0020342963946
47,3.38706689067671,-1.1503520431108,15.0406276541183,-14.9541751422685
48,15.1981975739763,0.726118549511538,-32.7123634687497,22.5002190481952
49,-4.07125942293956,11.61060841807,6.93830332983242,-25.8091570856642
50,-13.047607822515,-5.54178013093601,-20.0166440886729,18.1890436717176
51,4.54916643643326,-23.2552628015905,-7.60911099008404,37.1539857209278
52,-37.7395635043515,4.84248803123976,-29.1814081987679,31.1569638035152
53,1.66234399323917,-18.5543841687024,23.5706607728887,-18.4866485012668
54,-8.14186279677421,31.693592824974,-45.4951433091479,4.19542660469932
55,2.44652894438309,-5.01009315288574,7.49830538199674,-10.3251689908285
56,-3.64015596611152,14.2387809538433,-30.327104470267,18.2470705688105
57,16.7143320936894,5.81895237189843,-30.3990453030869,26.2764711292215
58,7.59462809107037,-3.7400335611211,19.5227574942874,-14.6884013375356
59,1.63337287236681,-26.6854418189162,-21.8419176437741,29.7601798225793
60,-5.46329798127501,20.608164786245,-30.7299404571544,16.9772456938694
61,-15.7551036519246,-0.730389778815861,-23.2638726547943,13.9536086911882
62,-9.94278962824655,13.3989204982179,12.7822411475724,-22.1634392359293
63,24.3027793735118,-1.18687820301991,21.7377162259371,-22.4815642169972
64,0.804012705176296,3.02196398984063,18.0248647095454,-23.1824891904274
65,-14.7958198764083,-5.39311113528316,21.7524122494074,-14.6241027439691
66,1.6249917403429,3.58772333242716,17.2870026010939,-22.8887608940643
67,-32.0431201445436,2.90076361709707,-34.2234100736461,18.1682345252305
68,14.3928557472626,-3.06553131075516,18.7034815989029,-19.287272636907
69,-28.1902778211852,2.37324310455406,-38.3519235120576,5.15129753301076
70,-9.26608617967636,12.6398437771193,11.7106300827491,-21.9538730429765
71,-8.77445009353079,-8.7168586425479,21.0316951653897,-11.200876605833
72,-0.297092862498733,-3.5049487005965,2.45463356349322,-2.15825590146863
73,-8.73883037956196,3.60827098458634,-6.04485524403079,15.5118815790136
74,17.9821213266121,-8.79139735423868,22.3833027329786,-24.5263153445308
75,22.6804525069154,7.97671920700022,-30.4450625123223,22.2505884459593
76,2.34935185658955,10.282885659858,-0.123230807210995,14.8525039190379
77,-0.0986428018083101,-1.42471944250946,23.6133915631908,-12.1487050788861
78,-0.686337737699519,-4.42201246334929,-11.9435508363373,28.030514398289
79,-6.11856671952517,-2.45854945498405,-5.35647622705501,25.1440811223696
80,5.58397383227551,1.80283586852471,20.9165577159342,-21.5113472805098
81,16.7970492078395,-6.80703384255848,20.839095837427,-19.4793146265091
82,4.83786054860479,-12.1521140267882,-26.4269079811973,24.8275565263261
83,-4.59500878022245,-7.02893950538177,21.1588505835976,-11.6977576107409
84,-13.1866653285527,7.09543407756703,-9.84900170550496,31.8209152534702
85,4.99646953974675,4.03329007416469,14.2383512055852,-13.4728022201933
86,5.88822270665033,-9.23543839642667,7.83307343500592,-14.3308772937084
87,-3.77258803545801,-1.68495358511684,-4.32633333474201,23.666880580952
88,-2.76823294768214,25.3663549772552,-28.7948064494487,29.8898024032053
89,7.26127937744023,3.03287933740793,14.5697573097183,-9.46567492775051
90,-29.7912180166889,5.79649636816903,-39.0817547336787,15.443452900139
91,16.1897490324919,-11.3439428048935,11.3021408497632,-23.8091364085001
92,-3.0767395547435,1.17034111057128,-3.11364712245964,21.172732484201
93,-9.31480229068364,0.942979626785209,11.3419571152882,-15.6871259493869
94,-24.0586563289292,-4.58990877578119,-27.0661611186865,21.3877563075534
95,-10.5102208827418,9.68210214089402,8.41314325894041,-20.1311600440618
96,-8.15452915205351,1.76176685461102,10.4443409290981,-4.99881716073524
97,-4.85198032475399,-5.8679943454918,14.2178742364926,-3.19102185369904
98,4.2014628181107,1.05045010908929,2.09545326208187,-1.62568605895034
99,3.75004778336213,6.8307011618496,6.14055603471946,2.27545416600236
100,13.5541817771711,-6.83672644092412,24.9944539267983,-19.2802922076492
101,-4.93815182619224,-0.591864257829489,7.53899003601859,-1.92398045981777
102,1.55232866355699,2.05689146874244,-11.5604611737434,17.5360722104226
103,8.53816830489106,-0.107334392805224,-15.5800602298524,1.64506141165376
104,5.08906899623698,-5.15483705365294,12.3182294608358,-2.09768825057562
105,7.2562843067146,-4.0801345217911,24.7161056991481,-18.5098479360989
106,16.6859239312385,-2.71021647502161,-10.3995541134297,38.6127014468327
107,11.5183875920564,-0.139043594697936,-24.5059204023324,26.8752482496182
108,15.2488438760898,5.73307105306801,-17.0744534455816,24.3407123993277
109,21.7661409845624,-2.86901421595011,-24.9355644061166,19.8168736892332
110,17.3570478910105,13.2372151865745,-26.0987554304582,25.3860017318604
111,-4.88408377254368,8.54424471043425,-6.07232382042007,20.2914419785053
112,17.3827150306313,5.27815703185817,-22.5113649220405,20.6975746558453
113,-28.8446077390061,8.96683139174989,-25.1257021662986,36.0786731909827
114,27.8668553779066,-17.038570791331,-20.3063255764423,28.7558542639076
115,16.3767598142075,-0.747459127973254,21.9030293030651,-18.6717577791826
116,4.76892147283454,-8.00414947398443,12.3853380274328,-12.4414124352481
117,1.96379807153312,-22.7200252663855,-11.8798722954335,21.2748140819455
118,-19.0193005806443,-20.4989270851155,-22.4862663338301,39.5539329139864
119,-2.71796290226696,-7.66229099815329,-42.5797067824565,15.2697863746434
120,0.975773301929172,24.00148797348,-36.9229377726029,16.1164586079284
121,12.2813787139923,-23.9748599323621,-19.2455608181752,33.3766898863198
122,8.47155534174295,8.12361672531138,-33.9666511555474,12.4349582456074
123,1.15511909606211,7.26147764351616,4.59464054250483,-3.77113717313518
124,-12.6194830051796,11.9556036325639,10.3486221500908,-27.0453242274584
125,-8.23960695595995,-16.4156223076587,-10.7187810996441,41.2755548805945
126,-0.903519517561428,-2.09533935445829,17.3750187257035,-21.3699693036848
127,2.68516599886466,6.07357313640509,-20.1195712246194,13.1447165648307
128,-36.5413438310597,3.25851435405254,-34.333429611731,16.8420018868268
129,-2.66593451207081,6.50306750178899,8.44122803457786,-12.194821938327
130,-2.21861234406313,-3.70902767858412,24.8208458771138,-18.062445075758
131,-0.578246808630088,-5.00018827879327,5.22729713307494,1.27012521340837
132,-13.5082412486892,17.900290255961,13.6558739930757,-21.9948002570336
133,-6.50606324022005,-7.09886812271572,15.4309419211606,-6.84618540065638
134,2.05243601460449,20.5406673024974,-14.425188887647,14.2876403094125
135,-0.20519952599743,0.726246006685655,4.75167439309545,-3.07429066953545
136,-10.3126246734529,-0.587095143608882,10.9847656724175,-2.02978185006625
137,3.5540010239194,-9.58780163937084,13.3382843696748,-8.73652954929874
138,-17.765829803603,13.764005446653,-39.7297777778929,2.44496274184481
139,-15.0421219972756,2.79147532006822,-13.3891587862283,21.9813277052035
140,22.9261135960648,2.90825889903091,-19.1690307989621,17.0941348478471
141,-1.06412005584293,-10.6337025313544,-12.7859549257718,24.5702563281873
142,-8.21553439649132,-4.4294127887147,-27.9126227066073,23.7805773503803
143,2.19818648381223,-4.86860913852911,10.2923991423762,-7.58764835954407
144,6.43302130485493,4.30724136487901,17.1906360635666,-17.9827822757825
145,-14.0222338256299,13.9419328602281,12.9591977336648,-21.5131653162049
146,-2.01456251718179,6.97163728618268,11.2072986968446,-5.07104225218171
147,-2.69171118644714,-21.7869853274846,-15.6148783682274,28.9887073283126
148,1.13015207044765,18.9646684399759,-12.9192215305273,24.6226520291337
149,5.47061480279473,28.5210652146611,-14.2846119130691,16.552503148132
150,6.44801665332137,20.1727041277493,-29.9059081760729,23.1953832475454
151,17.3860239378853,15.4665414145839,-29.887151957986,19.6437119994228
152,2.36716899631221,17.6023968167657,-32.2606078260994,22.2975390352468
153,-20.6597541067208,-3.30908453316035,-32.0892848500529,10.6526755553706
154,3.43183021883352,-4.61904100425995,-0.21662247966293,4.88190617053
155,12.8811428072669,-13.7728655030692,-15.5354009088001,33.5343257007621
156,-3.69485897732044,11.2478526894768,7.07086306723994,-28.155639081423
157,-28.1554185300135,-17.6578309107415,-38.1518889683358,15.9814316635961
158,10.7381417077236,3.56539154595272,-9.58301456027127,14.0314059917509
159,6.93263983082207,-8.87725500960582,-12.9396873538259,11.4361715250283
160,-7.81890354897842,-12.2229516521867,23.6193687928151,-16.3585555482063
161,-9.69971788744358,-6.9884355721924,17.9292229103246,-13.1578354253601
162,10.4112900561374,10.8220504154133,-11.7928617303072,13.9927599350493
163,4.09603299400704,-0.605888966076979,4.08132419137335,-1.74547302878354
164,-13.5823605181975,-11.4704639803374,-34.3027325001403,18.6937828043198
165,-9.3218481434043,-1.32351708950406,10.6784942895275,-9.49338415752207
166,2.18508724878239,-5.80300817976322,11.2209038150952,-26.3565350167235
167,14.9688148041554,-9.50749173149948,23.4478715621815,-17.138207922638
168,2.11740794169701,-23.4246575777794,-16.6114997239361,36.1318895951471
169,17.880913814397,4.25193360262017,12.3288575785546,-21.4351747016306
170,0.378060022888189,18.6649713437528,-25.8702187338041,14.1202547500111
171,17.4602867718451,9.14314534363889,-33.3652184593576,24.7241312524867
172,-1.06067261726908,-9.77065400392849,16.3709723598685,-11.6516110947818
173,-0.794176163791672,2.47692125389591,-39.1366096113531,10.5367204638122
174,13.56003473488,6.71317117225483,12.420005234899,-16.0488183140039
175,-24.1692156161266,-9.24244069434567,-16.1651384418699,32.4482293419413
176,17.3650911847734,4.1851910445407,16.4130557850465,-15.6175424906316
177,8.44289856090134,20.8242384143382,-16.8163153090897,23.5667197871984
178,6.41963055999332,5.75527841383022,-14.4634715730238,9.3478498455337
179,-14.7501291402923,-8.15825920989461,-26.6788683272502,24.2179731140595
180,-11.1536693529922,-1.20605390195831,15.2191483588226,-8.76306525680107
181,-15.8686232523862,1.40040456235266,-39.7343208730602,5.89041924989211
182,10.6680729309497,-24.8394194533904,-15.3320218760357,35.8371091452473
183,-7.5893458119304,2.33499178331424,11.6948729628372,-9.11467358188531
184,12.8984130224432,6.41595759746001,19.1489793521833,-15.5223801578124
185,3.64443182679095,-4.1561480477957,-40.9194204847704,17.7752553577158
186,19.1326008001014,4.2722630895002,17.8051387233074,-18.6826527885414
187,7.73665545948182,0.607063148970546,6.95834782618587,-7.34954557279145
188,-2.69908649166971,-9.01254387946618,4.7482041921464,35.3837560140343
189,1.62915122122884,32.1995221520559,-49.0291019857004,8.44894757474415
190,-2.17965936487815,21.451060717251,-36.8583344081307,20.1330942864859
191,-28.315778369368,-4.49861494783515,-33.2610468265542,6.37786614807061
192,-10.4555424306174,-1.53498228428259,18.3569192578146,-15.7665196704745
193,-16.17763772804,4.55204737783405,18.2855909192225,-22.7155038760336
194,14.2917210752662,9.40757338578241,12.8463619873825,-9.1542575644543
195,1.81901163224727,10.4510477396757,9.06758053968428,-15.2058944553603
196,8.25539000078533,6.77522857478619,-22.2927182321126,10.8235224487496
197,6.24940679675962,3.77230702575999,1.92575773260937,0.301900566250007
198,5.81489809900989,-5.70142784965501,11.9948979219417,-3.35272550091081
199,-27.0646210805045,-3.68427328819731,-42.3965241562726,1.25275242692677
200,-1.14130191579509,3.39600494690811,17.1702467287029,-9.63422408268396
201,12.5946277527653,4.01102794759808,-20.0089419715044,32.5115501779485
202,-13.282263967002,-8.49937205696429,21.9766559612392,-21.0325964854751
203,4.86402574026047,-4.83921213634108,-16.2283090641115,7.83095396726952
204,17.1550771364274,-3.15420451750662,22.3730544861795,-15.6338679321952
205,-2.42648794765157,23.4763870798121,11.1969872413617,-23.0625903074874
206,-2.81139216579683,3.86302978045198,3.88382562847676,-2.16969836300748
207,-3.59114888852771,4.86058062385962,14.4721438058376,-11.6368600006069
208,-3.81576370807905,2.46682946278264,17.0969243587889,-9.65353306627221
209,-2.54401053722741,9.64526035231392,15.2309930366431,-15.3373437210418
210,2.15170646942446,-1.00577389736974,-5.83621176000928,15.3982469215125
211,19.1740620398588,23.6865994482402,-24.380993006062,24.9642028922259
212,-32.4407631850462,-27.8770904338079,-29.7892814650267,26.1572895033202
213,3.70716790821725,-20.459424431573,17.2808138941621,-21.2031496498679
214,-1.72431904952047,-5.28529177135877,-5.35348858965057,9.81208814931705
215,6.00594188749368,-38.9311729186094,-24.8236792874968,34.741286012114
216,5.13845730357696,-6.58949849852342,-17.3696288630242,30.5510166867596
217,19.2431935440908,21.1458599559902,-21.7270886896059,27.026938788788
218,-2.58701504416269,-3.36750254723285,4.31643087449791,0.993844984635251
219,-6.41551642120745,-1.69263930578915,13.0705482947039,-4.68449331493589
220,16.1404321484173,-3.11278931525222,22.4445921766455,-17.3685035058743
221,0.0443176134584718,-12.7970719687373,18.9113632997564,-22.371629386159
222,26.0549851276372,-6.59735278505063,20.6559911962743,-23.068582050662
223,0.314786147601006,-0.522955502922883,19.4310732611421,-21.5925106905349
224,14.4591873539167,3.13595253380984,13.0791616789892,-7.14302571777177
225,5.05277652000152,8.18631984945808,-14.4444802224834,11.2113918725084
226,-22.5571845995468,31.3834315818918,-49.3050971860107,-9.09117029377076
227,0.738192515719794,-17.0375011594921,-9.77749938143571,14.8493418827414
228,-7.83064217335186,-2.90864207196017,22.2680891499437,-16.0005289828372
229,-3.63459441871004,15.6566737506789,-17.0281291187478,30.6073818727102
230,10.4444954199097,16.1479706391323,-19.1361780494885,15.4759557542674
231,9.33740586464509,3.75309199277008,19.8252915242664,-18.3745396814539
232,7.09655822223113,-35.3604806739686,-13.2843474848682,43.9366240583687
233,17.4832294459143,10.9478765498873,-27.1682131743662,22.7618630323049
234,-8.53625366278961,-6.94810536885305,18.8420570554017,-11.258347449227
235,9.00728239211548,7.26834880796538,-2.56392569000619,12.0536231651465
236,-6.82775190150257,-4.56071821482633,13.7269036117022,-6.34759527137928
237,3.33697473051542,2.01446874843857,-12.9560668328363,22.9059445845217
238,-15.6728426169636,8.86290679643723,-25.2860226439176,31.2442764464314
239,0.40326623426338,-23.6378612716996,-16.0294083622491,28.5870587156928
240,3.45022433230682,8.37764744810247,-0.938127026842269,-3.78089914801001
241,1.86594465848269,-0.176299661212482,2.14698940748508,-2.13183202261674
242,23.3102510269556,-7.67295281351628,22.8749325777236,-21.7188314015191
243,-5.06047435467669,15.0220796373863,-40.213033620168,11.401014015888
244,12.1343020494889,10.0656239686691,16.0295580664434,-13.4719034925788
245,-6.76707770979479,-0.93302813715571,15.9868556412681,-10.1035730121519
246,-5.42735091891665,-6.76963370500722,15.0277130987218,-26.1186025728432
247,1.15969255440479,-6.25975212507098,14.3064369890912,-4.14724163069172
248,4.45692778423227,-5.78860304857157,1.97040800531513,7.86483145734781
249,6.29166113328429,-0.329039213048383,-10.2567080938909,22.5352535526133
250,13.0467769265194,-4.55650848044972,22.3044617216048,-14.6412188069239
251,-11.5766530419232,8.05743249846587,-38.5520397027084,12.7599588286605
252,29.1530266554007,-11.4614470721211,-22.4003841700273,34.8479173526242
253,-16.2074063054873,7.97984890524581,-16.8508220652122,29.519311352727
254,-28.1818820489084,-21.3916912051419,-11.2191427598929,51.9848355621964
255,15.787371398318,10.7938403053961,-19.3110327948788,18.8993612178911
256,12.2331688514826,-2.92777499475335,-26.3355143512937,12.5310369974778
257,-3.25117900765408,9.41599245983054,1.39915600390318,-8.11732087437894
258,-6.52223748630758,27.7723782640859,-34.4987397647473,22.4111637383299
259,-1.68989703910689,12.829474273195,-20.7800974871341,24.5555010780884
260,-7.63653160043141,8.78136848035304,10.3436637108064,-10.4071857718173
261,6.37278368872289,3.85951686138598,11.7157089749634,-10.0106919861038
262,1.10917062325467,-1.06801620961224,13.0300634501829,-3.44026595549854
263,-16.2425829344627,-3.50805281733788,-4.91276149027526,38.0366930484112
264,4.03197796683845,6.90293574146528,11.4245693958939,-5.47816315432181
265,13.3993613039285,5.90303559326212,13.4376500546161,-7.07125337822833
266,-3.94893110003121,-9.95269535474965,25.6148605148363,-18.9109909865518
267,-0.836637586449807,29.1180488130441,-32.3184068079614,18.1284083724605
268,10.6915434692991,8.47693399246245,-20.563787281417,16.5691753632344
269,5.65625438909107,18.764890043638,5.95396303713088,-27.9919338991425
270,13.9299578622313,16.785352319896,-8.25159986368992,17.9932994041142
271,2.82830521199807,-15.1036677053095,16.7009196656748,-20.7345895445534
272,-14.1481327554676,-3.36549616005031,14.0560266044503,-14.5694100532365
273,10.2181003423042,-5.80418858641111,-11.1738684293325,45.541219965159
274,-13.0403724263235,4.79824334178214,-14.4170865128127,18.9355874221144
275,-3.66900239621817,-2.13761823929016,13.7468782778601,-3.50158791855508
276,-16.5461458693925,1.89334782649329,-25.3408100529026,9.97855593232345
277,0.036370967038693,-12.9805183228107,16.3341422605074,-19.4909470759932
278,-41.8667788213082,8.01868949388483,-37.401264123207,19.7087503804809
279,-0.730360233370352,16.8638129740645,-12.2623960176674,26.4309625021774
280,-12.6471560624235,8.46977004476632,-35.5020053063224,6.57670560736124
281,-1.4651617825739,-9.91417179582394,28.0814255249033,-14.9175536351104
282,16.0920244298035,-1.62945805614013,-17.3785366152317,24.9260036958842
283,-31.375314701287,-4.35204140649953,-27.3874434143498,20.5693213125543
284,17.1602000493942,-4.30044027222883,24.1612975289216,-13.8487167197887
285,-0.463847860592708,-3.93882613713764,-1.31189724812877,2.16574498244325
286,7.57474512105808,19.9000024995329,-13.2298801821943,23.1517560518097
287,-3.8524602388504,-5.79428548871075,10.1502690432502,-27.4338244753466
288,10.3246692139372,7.79276724107787,-36.8718050174424,19.3827053533515
289,-8.15246836237539,5.17653954861448,-35.435244816225,12.2708321950401
290,-32.4442150923097,11.1442348698193,-45.8628603018041,-2.52544286644049
291,0.330110343537835,-15.691786567053,-10.5999799910114,36.6441811604644
292,-11.1919052278147,13.8154414801349,3.48897314568143,-23.2400560319041
293,-9.09487750541306,-14.0740350963851,18.4921781537311,-2.1214128022712
294,-35.9043259089495,-7.44044266951103,-30.1587247903186,33.0553364786217
295,-11.2625941039534,-7.39748420636151,27.0110793248385,-17.7080329116017
296,-1.60158127129856,10.7830287658398,-38.7891574256461,9.68477637424324
297,5.37443075722133,-14.6645655425848,16.1146261084611,-18.4429283918222
298,9.59983815152601,-2.07719863206306,20.7032039469056,-18.1015398364199
299,-11.490828420753,-7.34658185517634,19.8811827375816,-9.7304658096395
300,-4.96874646200897,-8.91027349003333,12.59759862792,-1.0740925516931
301,11.2854662291932,17.9680666740249,-33.9317541299102,19.0669285441355
302,25.6382527710447,-34.0741831503017,-2.59358033723864,43.9939354153605
303,-8.12847716812499,-7.21116216676937,19.0791433623022,-11.3025962748573
304,5.07451313644914,21.8658355769821,-34.0865442775524,16.7919509433557
305,-6.89401627767726,6.29180481928513,6.66901220357244,-6.86280972998071
306,0.733080491902543,3.40093937470962,-2.03816573439643,9.40840066625638
307,9.00778344167518,-17.5373615178926,9.31860497342457,-15.1855116544536
308,-10.3011628494126,-7.59142526513856,17.8007598426097,-6.77888423076896
309,-15.3463486085609,-25.7742274571539,-28.5853653453313,19.5557025839684
310,-14.297681850068,2.50864201979946,-11.2809401568322,25.9505562096208
311,7.25580467321701,-23.1213862226862,-11.9077070518752,43.7172505608738
312,4.2889186845227,1.14287095479015,9.81272413392765,-3.63243741284338
313,-9.20084328837578,-3.90863801025732,22.7069950997669,-17.5626603885873
314,-23.6846793962634,7.74075968121602,-56.5985200935536,5.41641848978435
315,-1.15649196318915,-10.262703513351,-19.8751324090547,14.5961584016235
316,1.85139743932548,1.39868276415778,4.30163829281816,4.36758100389515
317,-10.9000068337499,4.45264260710333,-16.1214457514405,22.9753721904903
318,-10.6958877935425,11.1979050864633,11.4741760566824,-26.7435914925559
319,11.7185006632733,-9.88894928322045,-17.5781595290523,26.297930527848
320,0.578484435806869,-13.1149762672612,8.57996120908721,-17.5014851553434
321,4.35710650145907,-0.207856951157611,17.4509271253968,-12.3186666274508
322,8.90018053253857,9.18148666108959,7.0765136798759,-5.29808977447449
323,-11.2124623109061,-6.57506932834618,19.7984208330409,-12.687545398229
324,-7.66068400697294,-1.42361760154306,-12.5602442805748,22.4378488587829
325,1.13979045413563,14.8115843530006,-18.7375851994481,10.4676654803405
326,1.25030023027129,5.1453522859853,7.88837912611062,2.51044398213541
327,-27.2394342635324,3.22065041436738,-16.0607914165955,35.4330534315264
328,-2.41032752828431,-24.6536996730224,-16.0163121845917,35.9712203984567
329,8.27077186740237,-6.49444998522389,0.708512260741654,-1.30871478229887
330,-6.46632820883358,9.43284806015778,5.15113902682649,-12.9501111423952
331,-13.0134484742039,10.874171842876,8.95126604428332,-21.4491623215777
332,-13.2904683704626,-0.51554390950602,-8.52598558417379,13.9316981965839
333,7.43056110643706,2.00909428013483,17.5023393359177,-19.1001731522768
334,13.6978721607046,8.84588385622523,5.73687301726624,-25.3588114679747
335,4.68155977853498,1.71924310563988,4.1449756910496,0.0242593265544033
336,-9.0415125253267,-1.83058811322037,18.8909897592874,-16.4549999577007
337,0.818723914396148,0.915161499071011,-23.0940246178421,12.0167498057019
338,19.0139775458554,8.44074645308105,-24.5667084506755,18.6652483680862
339,8.28028925989694,1.98151847431749,1.8098389686403,-2.44517861388749
340,1.07248917866075,-11.9949601303398,15.1727811382767,-16.6725299522145
341,-10.0357057319587,2.1594148591319,20.0995848533077,-21.368323786327
342,1.02931064118837,0.740442176519876,1.55293611949674,-3.33964307388862
343,5.67219081824347,7.57365192262916,-13.1305947288087,14.5117942027036
344,-2.53188288269339,-18.2935157408535,-18.530456907847,16.379382740527
345,0.319451999450697,-15.0618650092415,-10.0290907396319,29.3987034018636
346,-19.6454472254171,1.47734278654791,-13.7844412162033,29.2470798988715
347,3.78595947543025,9.21261696360204,5.01246331924875,-10.3085894550558
348,8.04570894408521,18.7672381294603,-21.9282117044835,25.7508540813917
349,9.96224685764607,6.67116960355143,-18.0997181913826,17.8804054196641
350,-20.9754262534668,16.4934895481763,-44.4209841546555,-9.32413340243766
351,8.43424461966464,8.03086254320574,-15.0523664656611,11.6531734186066
352,-17.2738692880719,-6.21261097806728,-18.7993225973417,36.0367831345612
353,1.44760926481369,2.90518649941784,7.96874034434696,-4.82595749217198
354,4.94809558738177,-7.24341251366509,8.72361503494859,-17.3138222477786
355,21.1740610209518,-3.30715067832533,21.8804382785341,-16.2220688099165
356,14.4166183043738,14.8959214124559,-21.5179184669108,24.2030898385153
357,-4.70904644690936,4.88068672248432,-35.1174257921767,10.1733184421218
358,7.29703804049314,1.11580674714093,23.515388830554,-16.5354299317269
359,0.230376782196817,1.84641100255858,10.2926116309318,-11.8154680337932
360,-5.64788388980543,-5.63329977867716,15.0092520381087,-6.29450746125518
361,2.81991540858061,-34.6502819036936,-14.531979501487,44.0336018257633
362,-6.14882812934588,7.03929166556464,-13.7195140710383,6.36153789025117
363,-0.87589117413606,-22.4448698188713,-33.1111289581494,25.6187009440028
364,2.89511684971424,-17.570155980933,-19.5252105857788,22.5438799127418
365,-25.5814532974477,13.0311145961466,-37.8139948265443,6.05545611346907
366,-3.80197021368993,13.2756331936328,10.0064616784506,-11.3898948051387
367,10.2738212185275,-17.3877350053297,-20.818976819735,35.3437467763086
368,-4.78844102807884,-2.31664894712678,15.2925205396134,-10.0850088273533
369,-4.27396557359801,7.71402128770532,14.2624499112689,-13.3931280733956
370,3.07404739702305,-6.92504111613976,0.516033038610063,-2.5273050079623
371,-2.22336041766742,-23.1297687618845,-28.7113962366083,22.5910759065912
372,4.87111477858722,6.10291153184305,16.322544319858,-7.31107577753612
373,1.49268626264594,5.38358848113245,10.9374023732315,-6.51712747550097
374,-10.0119227700055,-4.2125100263217,-21.2771823510065,-0.492389511451985
375,12.1768498051194,-8.02820698921681,2.41254803696031,-21.2916339906358
376,-10.9670680297347,-5.63794377296245,23.3917777420052,-15.4005722927506
377,18.260994336014,3.00763725102465,-23.69899392978,15.3493346628757
378,12.3978689370545,-2.02000791132417,20.9970640670564,-15.9681593571796
379,-3.94408271842866,-14.8547824583402,-8.14459404085639,17.6227264841199
380,0.870062461163767,14.6451657607042,-11.2524401587088,16.5957081997421
381,1.16178798160385,-16.7737869698076,-18.0487167149918,26.8270889805191
382,17.5816592500095,3.21297469062617,18.0976254883804,-17.5676219566476
383,1.59401509763654,-3.20947616420132,12.628241621342,-4.33436638640284
384,13.1365126922277,-18.3549496404297,9.08657262908683,-27.1003811896362
385,-14.3934264146801,-7.81804119778882,-34.438467202119,13.7606014578664
386,-4.69771140813299,1.87257922576152,10.5429034679021,-4.70492703289006
387,-5.14570838642338,10.4624888638417,-10.3478144498553,15.1733419024133
388,-29.8090861518772,-9.78371930053368,-32.0286191743725,30.0946695581235
389,-6.25625071818383,-5.17211491677633,17.833635664951,-11.336166630584
390,0.452553189129782,13.076911879808,9.45974610805725,-14.9281961966993
391,-11.9686205609681,3.90071274747778,7.45310428724929,-16.3394513884557
392,-14.8362209926711,-3.1011419237832,-37.2882245709734,20.7964279269387
393,10.3407379353907,-8.38994588911793,-28.6067526737135,20.6389390074427
394,-1.29348950991618,11.5138232962121,-36.441338162302,12.7658198486402
395,10.9833794397007,21.3843171633363,-40.3546012018608,14.3705285454424
396,10.4114204516505,-8.69656401648622,-19.7294858564736,21.976612556356
397,22.5353015957906,-13.4885221296763,8.96776861315999,-28.5641016439568
398,10.668385920408,-13.6047406337492,20.852772908931,-8.57561245312866
399,5.63484409874215,29.5331047486648,-36.8295680929356,13.7167796237404
400,9.76711866474231,-29.4238545278581,-11.3526106773768,46.0917454554086
401,-22.8514679524853,18.7993194487013,-33.7860023973846,8.67379471856854
402,24.5634980194114,-10.3946461391382,-21.4270866273155,34.9236478449055
403,-5.30453536828823,-10.2432245625462,-26.3512760556769,19.1851684739279
404,-3.67154562769969,-8.55165199085252,16.9372218875763,-3.09395537472652
405,-3.56353178642672,-15.9628129114415,23.9176889858195,-14.588350600093
406,-11.1716263540733,12.9828275256485,11.5489304227427,-20.2048653068099
407,8.39651333416088,1.88790469841196,11.0092987684296,-4.15617601224317
408,3.3574131333203,-7.39826866217572,7.32596276575226,1.69565631481102
409,-3.57298369360654,-5.34246209608235,20.3478041502467,-12.6803612382405
410,-21.3886398809456,-1.31234563174114,-36.256474411856,16.2054649454859
411,18.7827007354963,11.4744160931582,-23.3628686213121,20.4897814890169
412,-2.00920405555543,-22.2327898920802,-14.6021403222616,15.9927352775319
413,-4.63505142014231,-7.8277913656232,18.3762989457367,-8.46944303796517
414,-3.629748340695,3.60464791223671,8.60189849324367,-3.81272647565214
415,-22.4275919328349,1.8523908411284,-15.03470717237,28.3253288983616
416,-6.39607358591901,-6.1193108760156,5.85213118957061,43.288529786913
417,0.597121864557668,2.02993510730906,-45.0784504960638,15.3184992926157
418,-1.47425438026583,0.213174287667153,3.37870423299552,-0.646597514710872
419,3.2263573518003,-38.6624512766268,-13.0891204649608,43.8790424961973
420,0.0436535420475667,-6.5385576558895,13.6309330177192,-6.58233773714278
421,10.4020412431089,-25.7445782754821,-16.917983663354,31.0073293971207
422,-4.8420185022852,-3.11614620873395,-10.8137978852404,0.650739788998134
423,2.43258258026186,-1.0180999744348,-4.8758784239042,2.60235800183747
424,-15.0351873725884,-5.97973726722765,-25.1945140779227,35.0784043299461
425,-7.99862776781674,-12.87149390749,22.6609700856085,-8.29164562405065
426,-3.18331410071379,0.876451808056282,21.8522871489959,-18.8196177888613
427,-15.1312394041431,-14.5498256193651,29.3160058951147,-14.4433834472469
428,-12.1807962592394,6.82670331944709,-22.119312698046,6.98644510416621
429,-9.92238783446575,-4.47395540385098,15.2166741327527,-8.36597527103577
430,23.5625160714616,1.04891857596334,16.7236647128244,-16.2299202431106
431,8.08214970701484,-4.63472525488654,-37.4931797904228,18.4249489173777
432,4.02465517114605,15.036684086387,-5.69873509563322,41.8452046648595
433,-14.6098636951388,-10.6228682586939,-17.4402505027798,41.1413961991396
434,-3.3155231165504,0.887364327489161,1.31980136085859,37.7054617877109
435,2.25995881433132,-8.7786735052077,-17.6555051169047,12.3788823431431
436,-4.36117518804114,-9.32800934776075,21.4614086503037,-10.941752953386
437,4.8160597744999,-12.2904157413752,15.0535555538308,-23.4797757315345
438,4.82881978299822,3.77897828048654,18.6766786821716,-10.7216497230544
439,18.7866343017664,-14.1494737178535,7.89463976193997,-27.8036004318331
440,9.28945395219257,0.641018607757602,-22.7626887795515,15.4229700182786
441,8.34303013153832,-4.36636697329303,-14.9532381074867,22.7000858670073
442,-3.01738953816395,10.1230818057088,9.60982965613254,-13.6487341447549
443,6.72087866011183,-11.7170325096603,-15.7941113871761,26.0201250537479
444,-6.212422097261,-0.504246287303689,24.0129594394846,-15.7593271657478
445,9.1410066631932,-10.1512681922679,22.3612997574655,-19.471444830694
446,-10.1257538348105,1.25607549784297,-22.0529451412747,12.1982220308212
447,-4.38610468177143,24.1479046608909,-28.0874943871403,18.009202731313
448,4.94540367228701,-13.4702400805401,-27.0541759859738,26.649554051282
449,-3.393531390211,6.32034958769001,-5.83796943415532,18.0907617679997
450,-27.9130423041861,-2.75915863943603,-7.43559379900147,42.3556085414135
451,-20.6237486972442,-2.72459119682471,-11.5402159684182,36.0099567408917
452,1.72908295898462,6.07984093341755,8.07276601260963,-2.39929277491313
453,14.441228914453,6.4322254172856,-16.0301385772785,22.1755793410522
454,-3.23128767865,1.67184534776405,1.28048283244526,26.6549726786382
455,8.34434554886963,-3.74956210173462,5.65999189906047,-31.8211193780497
456,8.17451625631294,-24.9643954101059,-14.1859149099596,28.6392276024479
457,-1.21067986098168,6.54785736109772,-7.90996667665403,-0.285599112921987
458,-7.61954325792479,-14.7708259797427,18.813637958916,-22.3206830235278
459,0.749932993541647,18.5864755891123,-33.8306390699287,8.50970448460129
460,0.0590626413619887,11.2406761867743,-14.396624649932,14.9247979825192
461,9.58898390551015,9.69240359135189,19.8561603614623,-14.828068062425
462,17.6481846991664,3.64919027246783,19.0602974271521,-16.8998821063432
463,-21.8644469656523,10.679438971382,-37.3478681584125,5.64798665707278
464,6.9116858089052,14.2470431189373,-21.246294831632,27.1980952190676
465,-6.01392095729898,8.93206902870604,-7.38240312219339,37.2141813158139
466,8.05543293178965,11.8918472521604,-21.7820728204472,17.4529660275036
467,0.225563498316936,-8.07572911384905,-7.86105022895453,13.846787613011
468,-29.0624920696423,8.02330960210308,-21.5294223448939,24.4040057365431
469,-2.64017930903061,-8.66817236143078,13.0285788122527,-23.8639986065293
470,-1.43986208980684,-2.76537088869474,13.8024749004754,-5.53788150088791
471,-24.1477562968612,-14.5638102367707,-32.0282556415231,20.1445135587866
472,1.20662007343246,10.0447518117206,4.22791107068615,-26.9429020869435
473,-48.1772666823158,8.75588443708896,-50.0704741395118,10.7921663935133
474,-8.00394441854945,-0.475346103680642,21.2498091873923,-19.3639433307432
475,7.16778216040514,2.77622274872747,-30.6038803898324,22.7333644205298
476,2.75270504670056,-11.2922558996623,28.3587310543711,-16.8364272681829
477,8.72568273126178,7.09730920947637,-19.8849330778635,16.0222997664482
478,2.21065319586244,-5.18166622153135,11.2584269145802,-18.9528956866485
479,0.427025068678626,5.73453682989784,-19.5477011923277,15.899478501157
480,8.15463848949068,9.65547031800957,-29.059693041487,20.7744488646082
481,7.58639487986843,4.22142984058435,-24.7659757496525,15.8622505905229
482,-4.11234071965959,8.08361555204574,10.5627153484556,-22.368240896834
483,-2.80187779477424,0.701208113282857,10.8004355889403,-6.06975815198936
484,0.288535387838773,-9.45876443524478,22.4439021714384,-10.4317016730796
485,11.5172817794462,13.9167949722042,-37.0361989211374,22.0349858466969
486,-6.92963400789898,20.3446710321027,-54.2239290166526,8.14470049474987
487,8.10791770832821,22.6800018832622,-35.8840797817016,20.6863958795447
488,-7.85402757600438,-25.1164780609195,-4.42822182123255,55.520296505889
489,19.7701716809049,-6.14593633824493,-17.0039789540294,23.0604887894056
490,3.68367169477961,1.31945392905729,-19.592868466009,12.3542068068145
491,1.36480720188087,-2.87202343648983,16.0493167054375,-23.8767859339817
492,-21.2914993675265,9.29915111460261,-15.6900938541621,22.9420027533077
493,-2.40150319880096,-3.44207937797806,17.2879655441835,-13.8756135941593
494,-8.55625135383135,31.0360970583492,-40.4884016237275,8.44673618334084
495,17.7731681540174,0.900948940892287,17.7318091698972,-19.4751812956331
496,-0.536141567885361,-1.81239778267209,10.5155344561003,2.49330560212803
497,-2.58097981833212,13.9530803656129,11.4830529426103,-12.1250821505665
498,2.32910213048331,3.5640772939204,-16.2762456264289,12.4629673179
499,17.1087989963118,19.0141737217891,-31.6823248795557,27.5574501765397
500,0.854809590276092,-7.2286996897043,-17.143734041656,21.0626491354157
501,9.98696179025621,15.683062911833,-25.5258937803865,25.1288043752633
502,-5.11575616274643,-28.0927464229689,-5.63371384167127,44.0593001133411
503,-3.00711428941657,6.01160984548031,-12.3217324833483,-7.01276858566538
504,-5.24903107825972,8.43986376152053,16.0765507328131,-14.0935464179139
505,10.7883074171311,-2.23430402796583,21.6870364567938,-19.9600890570533
506,3.86451327381171,7.29742755506824,-33.3500811016033,15.7566666350757
507,7.56731069913883,14.4329176543334,-40.0645826520963,10.4397747256078
508,-34.2441378571452,9.27242690280948,-22.4662082580163,40.1494907187863
509,10.9443436652481,22.5349772458806,-23.8373074828713,18.1003254594341
510,-9.69400921133444,-4.99451933159692,18.3043558281501,-16.3723319126363
511,6.55230931780703,16.1301639246208,-29.8560145591258,15.4102001068498
512,-3.39020348796551,-3.09647924842622,-10.3055416929044,18.1509860559011
513,-15.8913980325953,11.7814485306343,-53.2074403364776,7.60579703377762
514,-3.26317559477502,-2.80742762904548,2.59745731299304,7.91971164407498
515,-4.76118551175812,-20.7581127746839,-19.6279978731122,25.9868116736483
516,6.5168667441558,-6.69203165649762,-13.5717501266023,6.79476995784747
517,-12.3438573813327,0.44987035156196,20.7622409517572,-19.530487607717
518,16.2208849072366,-6.93503870648969,-14.961472001297,13.7933117279553
519,-10.3073532282138,19.2911412907824,-47.2218279900978,12.6377529312229
520,10.1880690585215,-25.2107032447021,-19.5231083432315,28.2741440039174
521,8.39774702225887,2.14385247379697,10.2263427480545,-5.70111642726856
522,-11.9639999460403,-3.26872431225729,20.5211738664435,-10.5444045768786
523,-23.5415883275354,-8.0606105706813,-31.8907775426662,12.6845990673472
524,-22.8315126916488,3.48277086362674,15.1483023058397,-24.6461695686073
525,-4.02102137841122,-7.20846185074743,19.1492052077928,-21.8226842515559
526,-4.09681931033188,-1.18094514460458,6.80035236340364,-0.326672288275152
527,-19.1762606992262,9.54551437985908,-6.50745650191392,33.9980871887824
528,-1.2928526882303,7.89086113576144,-24.1807829657364,23.6691720633163
529,-11.0873263205096,-8.28187993738385,17.07603083902,-22.7554826495437
530,9.01000072829831,4.85266509047838,-15.5488375316159,12.4362180738355
531,-0.372319139400079,0.814477325546222,11.6457111381965,-10.1181195188853
532,9.88702081923648,10.747529266379,-25.047666869159,17.1661413869351
533,-14.9798045778567,-4.73918257660676,-31.0199892254834,-10.1529284319722
534,-11.9638970391816,-12.2899215458893,-20.7497259437017,12.035835071389
535,12.9393340734729,10.0002970737394,-16.5289991886508,19.901969376075
536,-2.79787985883732,-8.67377150179761,11.5962913798851,-3.63796485633535
537,1.50030858498478,-3.71728897193082,7.59790657385441,1.15063869490512
538,3.110360701331,-6.46776098211482,24.9549249482041,-18.943722288987
539,4.99221805475187,-6.67278841253219,12.3983608879705,-20.3511845758769
540,-7.37009157612052,19.5454292237751,12.0876311963699,-23.0592252511967
541,-19.291559843462,-4.31953350535782,-28.1868451347068,3.88859925538376
542,21.762384361963,5.77148661846856,-26.556294267847,21.4726991568073
543,-3.87133841228781,4.13212399192611,8.65867520558997,-4.79998247195584
544,-13.1998879613606,9.55776964802101,-24.5941238301183,17.3604566167151
545,-4.77149919246199,23.5482405822027,-32.4203652411416,13.6536819686733
546,9.84482970831256,4.26926647324376,11.3152465816031,-14.2301268811628
547,-3.97279754781253,15.2982625864139,10.073567282546,-26.3719882071364
548,19.221250126779,-6.36853465761642,20.1415393820591,-14.4374444609726
549,8.77766293724126,0.693275109305396,-17.0545435458162,12.9804700905459
550,-11.0949381419782,-10.4626409355879,-11.1429430581902,14.0038277094927
551,-4.92481939049111,-17.0803485330187,19.4226100643058,-21.4585274243172
552,-5.27114399734717,16.6116383027391,-11.8425165519185,16.7303923939431
553,19.3819605775469,-5.47123656593141,10.540468434764,-12.1096604756851
554,-12.7285662579798,-16.4484624422499,-10.0729744920043,40.1246599417961
555,6.60936023298704,-37.6350280939046,-14.5583955079189,41.4434369050688
556,-0.0571435581916352,0.761591572299953,3.89351921049901,1.59581100171614
557,3.53659430135958,14.781466965048,-24.2885414297559,18.3962061742806
558,-5.1869684094477,-0.227991389171365,-10.6236857759383,5.38166159670444
559,-6.96161791965476,11.6707173772326,-43.6996223209881,6.0619315605431
560,-5.83875478639296,-3.85951035237444,11.6755886963485,-7.14405608372703
561,-4.4356103012958,11.3577061617727,-20.8516247440408,10.5410360745574
562,24.4597217855027,12.5026346598463,-24.7490782302073,24.1410585498898
563,3.76832267087083,24.8355332343115,-41.3563400577793,11.0021913382626
564,-7.50476614160076,9.47828745841333,10.0830354431381,-11.9649174349723
565,-7.07942292935664,-14.9130041654628,-10.7208927885282,38.7674859828207
566,-34.7784803001314,0.632820252554313,-21.3360389066206,38.9431445565008
567,-4.90397051475817,7.1256276378293,10.204970817086,-6.89503455718589
568,11.0572463995652,-1.27558428777304,23.7157117846143,-14.6920255603706
569,-1.43147436358463,-18.5981455986098,-10.7307559424176,10.7116286554347
570,1.72745122885104,6.10002674972651,10.6411322999719,-4.13997641728766
571,-13.6163615315579,-5.57197876294592,17.8894868774526,-21.1005714491991
572,12.913560680823,12.2118064023503,8.86925754311282,-11.4542553485665
573,-10.3451037160415,-5.58481584360408,19.0538329434262,-13.1767106611478
574,8.59013349679299,-3.26009731953665,20.9334204977879,-8.80309783164003
575,-2.13087382217,-10.082701854083,-37.5992489145808,21.4902882959641
576,-10.1669350495243,8.84123587389838,3.09133334530634,-10.890709984107
577,-0.644647582533386,6.82779451286908,11.2404967220035,-24.4808848272867
578,-5.52287431783572,-10.5372944153018,-17.5742270232907,14.7579026103881
579,-13.0467739138855,-3.59699973667473,24.2256516217732,-19.5577679581509
580,0.909557125281561,-2.94853078547255,14.3041121173875,-9.26219413409152
581,9.91664937180707,3.26633652433056,14.1028919807669,-19.4590308378757
582,-1.07417801684309,-19.8583049694081,-9.36113880515799,50.9728979345953
583,16.1838955783624,8.22625963592131,12.3261333052953,-13.0785595800394
584,7.61214211490094,1.87423785781725,19.4592458020055,-18.8865703299708
585,-5.44345044101518,4.82417456476067,7.36386066068732,-1.84446518095211
586,-7.98772104788364,20.8874104239533,-17.2465888376533,29.564988724093
587,-2.91236045577173,-8.22100180394831,-4.01633827992307,9.00009719917641
588,-5.23190960266031,-3.70338109651374,16.0255226831292,-15.3411815480862
589,4.68727895624963,2.86712600980693,0.692924470531154,2.00579193209999
590,7.25578893568004,-8.84703508151993,-24.7216369660272,26.7250252285254
591,3.90941866146937,-6.354978230918,0.862037057057901,5.75935279985798
592,-5.85629609146905,5.36202537369111,11.4805726075593,-9.26152715305266
593,-27.6903441643741,-7.63674735280374,-16.8947139850783,32.4076276518336
594,1.03720408958756,12.767701471262,-20.8598388394005,14.7641438301702
595,-4.02292858832706,11.1899830807856,9.00297100897492,-17.560791436599
596,6.43545025955803,-24.0620830777594,-22.9230629408533,35.210693376806
597,5.37138813362615,16.0481027217178,-35.8405147886466,11.8622116444405
598,-12.4577320404719,3.01920142798908,-8.07322818666381,19.4789455258094
599,-14.6466260447829,11.99440577749,13.1734644870416,-21.6310715531776
600,5.14279439712637,0.97636943308357,7.6918475642375,-22.0748056370539
601,1.07300785856735,2.88598918414476,-27.8248619978353,25.7766668062132
602,-1.03471373294427,25.995374242907,-29.5271739450434,20.4553786801006
603,-15.9102761567301,10.7675487371884,-7.23072730479103,18.2057934210071
604,5.72559397571068,-3.9780961448295,12.8988393464833,-3.31146835278478
605,-7.68652473276338,19.3701749675626,13.0349555041448,-22.7624084227235
606,4.5612102264922,-5.37531536745024,8.89142767079957,-0.476926907659611
607,-14.1434240397865,0.172653128337118,21.0411311220389,-21.0131557106431
608,-34.8995363661608,28.2382525027094,-41.4875359550431,16.4906934772824
609,-5.18157271251814,-5.1817969071778,12.111135859508,-1.64534937514564
610,11.752129518508,-2.89533674144024,-11.4653295379502,14.7569404611971
611,3.47716801650425,-5.01969414551196,14.914009062787,-11.8450151331398
612,2.9072626798556,3.16762078522661,6.65254987798461,2.58116126632076
613,-7.62157444174286,16.6353249420995,11.7361070477753,-23.4224740105416
614,-19.408617327315,5.4338492465458,-17.7443577996005,30.6231217300946
615,-6.02385136432915,4.30237296038987,15.9953617774602,-24.3571605085974
616,8.79771251133069,2.2395126992604,10.3102972657587,-7.52305740508266
617,6.52317451551127,0.0617931397520303,0.239317580169135,-2.35765689744693
618,-0.466527192648614,2.07962769720759,4.37811071128472,-1.05699087076002
619,3.84777831495209,-4.46184382914747,-9.08492345751409,3.5840109636646
620,14.2630123987813,-3.4512775963389,19.9839513614217,-20.9070139433387
621,-1.62113644407291,2.80702610830103,-5.46597643111314,2.99140988763619
622,6.07783768836926,1.32694409312392,7.8032793947946,-6.9478967663043
623,-12.9638022916541,2.00456997507559,16.9396875536005,-17.0754803252666
624,2.97600140347727,4.56552646868299,3.78841788090703,-27.5629650196015
625,-9.43497011875487,-2.81018179947067,16.1771541729675,-11.8293917083728
626,-12.3553026060259,-22.6416738070018,-10.2836074091397,51.1836493435382
627,20.0199115511369,-9.37711416867035,27.2000182913528,-18.8012090668359
628,-8.55301107228559,16.5531815859856,12.710493928475,-19.8436574844364
629,4.5257724732053,8.01657657115116,19.7204739586032,-20.3865214001925
630,-14.0920325262351,21.6252889994276,-0.913231562912446,-29.1143256548186
631,14.9903840829407,-0.153046471223499,25.2153068201252,-16.0377716298344
632,-2.12979704284739,-3.4748679254096,13.5221357058134,-7.35935719959054
633,1.28355828925885,7.59478994314637,-7.68481322436633,-2.50828819361244
634,23.813027629498,-10.931632877678,22.7869285692973,-20.8452386574738
635,2.50081524584527,6.11016988240192,-16.6274658371731,39.2352298526358
636,0.262467417566739,-15.7824875458895,12.0372028982998,-27.8963099985853
637,1.29164594693228,-9.41502663814232,25.8901480202869,-18.0308540335333
638,3.12584382372327,-4.59262032456017,-15.6066859939911,14.434106141664
639,7.70230563648321,5.09281808706258,7.22815439002232,-7.92537370586605
640,7.61076723800271,-23.8897819847755,3.11705019353905,40.747248943162
641,14.6159275109273,0.506891693094519,12.7431477051054,-14.6115347135307
642,12.777602400683,29.8747493106445,-35.7634044127464,21.7465734744262
643,0.838914738697739,13.2273139639892,-37.9271784990881,12.0466499924154
644,-14.9446546370774,-4.23302823662072,-27.3032624656866,9.6378347435723
645,-2.64999297972511,9.6921476281264,11.9418086510093,-16.6482984174757
646,4.76320713814456,0.945594575817592,11.6718881343043,-7.39536024166613
647,13.1918889668058,-9.47561565433641,8.59192453333954,-16.2972542202106
648,-6.21481963444783,-10.1789344090196,23.5605533926938,-11.7904641484839
649,6.35083839903531,10.2858156868186,12.5161661715312,-7.9993612935643
650,3.726384184318,-4.06789511035066,6.74987652704842,-1.65477631907876
651,-1.2087126058921,11.6426741856444,9.95434558079451,-15.2304259479213
652,16.9466848638905,8.31692385652013,-14.8592528319151,19.7801996190954
653,-18.9010221375742,10.4914626254961,11.4191867178543,-29.6863477203017
654,-10.3552017620044,-7.09561815514581,16.0156637448077,-14.3401628040247
655,-3.08451649125367,-16.6852137894345,-9.31220052106693,29.8991768919654
656,-2.41914083219079,-4.20918058494771,15.1516881166282,-13.1306802730094
657,-14.0311016873756,3.01139995622895,-32.5095516082927,12.6302279010206
658,-16.4045014727893,0.511025759969406,22.6135529939543,-17.4579364068716
659,-40.088982804115,2.55332952005766,-35.8883078905484,25.9121901457169
660,4.4782371477804,-11.8057734530734,-11.786824205256,24.1538339664562
661,5.91048271609569,-5.89623281820577,16.5499668563018,-3.81338149606753
662,4.43080944586071,-4.08470101968069,-5.00837010897586,5.62023208212386
663,16.0872084345373,5.31598033318144,-27.9146767302697,19.9510019394678
664,2.08180865999579,9.61574789569124,-13.2646805003151,26.3516147267473
665,-30.7870991737043,5.33503758212823,-43.7744351627525,13.0181337215508
666,-1.11499703860725,-2.95768551229511,5.54474821005793,-0.75123861067277
667,16.6710998876651,-5.37819046935836,22.137356066588,-23.442272930191
668,4.26196757722531,-20.7922284209465,-17.2520628853694,40.3089929037094
669,16.0645473995308,0.987460948606026,17.6632600719115,-11.6065023722662
670,11.1164309864683,-6.50306162123955,27.5478657868989,-13.4053688738238
671,1.86967417402231,-2.52839002312571,-0.759142552562922,36.887593645854
672,-1.88022842523306,-3.14458888049505,17.630311644963,-7.84597713511905
673,-3.84010922379583,9.15664103550112,14.210645725342,-24.2773191598907
674,3.9882291218029,-13.293787788759,18.9327850208993,-24.2845070312442
675,-17.5196884448443,-2.42470829211234,19.2214134776563,-20.4688150208165
676,-12.7680956002649,-9.25688061003342,17.7632589607835,-7.06101990879535
677,-9.92731727654106,16.348615192948,7.56042750387527,-29.8714016132533
678,-1.79520218302256,18.1447873175909,11.0810415837486,-14.4466244585665
679,-5.91542232202252,-5.42220175769327,13.3718067326822,-4.89502774418314
680,14.2763181119797,-14.6616522013958,13.1376692941875,-24.0815329873576
681,-23.8146178574823,-9.67814083548742,-15.0496115601288,44.3471460497504
682,-5.45799655763447,-5.302402798866,10.5110920857975,-8.06932977115168
683,-0.928566601804632,-8.05270312062731,28.9566790418655,-16.3268726581064
684,-0.868748695134229,-23.1235031509607,-16.2728167482051,36.4878518739369
685,1.19133145448637,3.46166383323294,6.18638589975425,4.80037852382862
686,4.89627659424912,-31.1427781434937,-13.4887668026754,40.7557993006116
687,2.41429111124593,-13.9139908819473,-17.5257302940343,31.3654796851112
688,13.254268689078,5.90910267662882,12.8174546484172,-6.06874311969329
689,-4.85875527056589,-7.19996719535196,22.8048005193845,-16.6510586202821
690,10.483919919806,11.9813895932191,-28.2664881439215,11.0761831496835
691,-1.63666818377612,1.54973599274301,14.2460098622405,-2.96200925823737
692,1.22957820396279,-18.311942201102,14.1721384162294,-23.3146525862559
693,-11.2352364850756,-2.53650622828198,18.2672321974074,-14.1156376409592
694,5.45556802073843,5.00283070199802,3.40059891235688,-1.73024707070688
695,17.2981079227553,5.04449050040745,-23.8497138251098,21.5854644625634
696,-2.72208167826235,-3.27648665617845,13.4919045705798,-2.13312665729953
697,-10.6862302460575,6.69062967605109,-46.4596778082699,9.61361260778493
698,-28.4212210054396,3.89729618661653,-28.189475525945,12.7056315839954
699,0.231421899084473,-9.07908454539275,-13.1252900429604,11.5046741544432
700,-12.0072487715173,-6.38364755866662,19.5484580150832,-13.7036875459618
701,4.82465492206097,-4.70804804133101,-15.7769302605369,22.2299373904583
702,-4.74125754945357,-1.4873142170651,-14.2381233111784,-5.73446808642285
703,-4.71333514223678,-2.01634059555989,-5.63236448687987,28.0584999495569
704,4.07459642716978,0.160725661290986,-39.5826380889204,10.5159537854308
705,6.52312371937826,-21.4471141543595,-15.5271388227098,38.1874564155301
706,2.11331330792429,0.762517365842647,7.70136478327447,-1.98002482426471
707,-21.2164333304736,2.65420215461886,-15.0069122915154,21.9450200382465
708,-11.1344406614706,32.8175303510333,-47.5591941566023,7.63834799446697
709,-17.8385979061104,14.453154066723,6.62430757490732,-22.787598665566
710,-1.90544288878978,2.80269484520088,21.6250307663272,-19.0377119732304
711,27.5270999190629,-5.35044544517183,18.9504413278167,-19.2751086337882
712,-16.0488237478067,4.12368844398393,13.2387647504454,-11.8550783126701
713,10.5027272809904,-24.9096402813865,-12.6536945777908,45.0860594348479
714,-2.36577701709575,-5.76254168906436,7.99839673082009,0.785120141557183
715,-6.01283251176232,-11.092068872854,24.7779849706194,-13.1582358080746
716,-28.482284988993,-8.08053570945022,-28.5417240002937,23.2138690593949
717,12.5099359379405,8.17260525387048,13.5663201864397,-22.3540685223251
718,6.89532872081123,-8.01371751264961,14.6113143338458,-21.159230902799
719,-3.75960733413143,-17.3373121772476,-28.9443168717781,30.5344850212641
720,-11.6860678551159,-13.7262606680083,25.1512430933228,-15.9686537981622
721,6.64272538057958,8.71412070016823,14.7784997991807,-24.4522542241008
722,2.35105243994141,2.56497103959685,4.32931122997389,4.89998157010304
723,1.22974019805637,15.8959271148114,-21.4984894686208,17.6330441858482
724,-0.340806434359708,-4.10462208204003,1.22958077359536,2.33502750041069
725,-7.30489838507404,-13.5776306475138,16.0341049120416,-25.9446064339292
726,4.98946198014023,-7.73444963326569,-11.2208179185699,13.721126004885
727,7.76348062551429,22.7328712528,-27.4215677980335,19.5647320758321
728,18.1321009538363,2.64644146250229,16.8852650643382,-16.9385523306316
729,8.71576349906339,-5.34556896091113,-13.1910009559302,26.6363842321624
730,5.0270719443858,-5.54154169888261,-11.8709980381592,9.13679213788267
731,-1.35486343137975,5.17342866046589,15.4679336224903,-9.89817770791122
732,1.3757459581631,-18.0322307058542,-11.6372829404076,47.2086940118922
733,-24.0482867470351,20.3936233746321,-24.6129462958899,31.5286879065777
734,26.956294886403,-21.5924733566136,-23.9851816748757,34.7803759965251
735,3.91531248530125,21.3973215439349,-33.9680043625768,17.4323966914418
736,-11.4976601283656,-3.02116660282613,-19.1641986568923,37.9542816599553
737,-4.46193276549889,14.7647273573424,7.30283743561777,-20.375035521534
738,8.10408616130216,5.94899744993523,-44.541253147043,12.6735172219004
739,3.52817981657321,12.8004840696468,-10.6125129185723,10.4208902972541
740,-4.91472380207081,-14.1531188060005,22.8784911944041,-17.8060959708579
741,0.996825764730389,-23.1910428107907,-27.3070843570142,28.7207314352331
742,10.8969545319948,-9.95099166687443,-18.6604775647678,30.2385981874073
743,11.2075833611772,-10.25036068612,-19.3056921604169,24.8035868252529
744,-6.79718881694085,4.83279813226792,-36.600383328588,7.86208630537401
745,0.843720662572926,-12.8803375983551,16.3188372577221,-3.31186487958203
746,9.97407812653496,11.8376160296503,-30.4010891078414,20.3943905547845
747,-16.7780690085657,7.98931233803122,9.73373705427499,-20.2928922225889
748,12.9570748133024,-20.0602063894623,-22.6075077330367,32.4463159897221
749,1.42005242403171,3.6726715817164,6.24282811150552,3.29072307108304
750,17.5236056859527,-3.56374917322231,18.1257220456627,-16.2730041062751
751,-19.8059477640197,10.985900548236,-44.1058795025853,5.74831945667767
752,2.42440390853286,12.9190751566682,7.47871288040037,-16.7533496223672
753,-21.0680483708159,1.22133406279139,-13.112223413524,37.071236340365
754,-13.7579927669156,-15.4038501315924,-28.7064865341,30.2095702257707
755,-20.6387344380958,0.597692242425148,-17.2325508715794,44.1248420089174
756,4.57433382063049,-4.54087105735809,-2.80677141348623,13.2837254103465
757,-4.67439818835298,-7.15547130681361,22.9733494198786,-12.6393844418372
758,-19.5062827924919,0.908878110473963,-28.4334073285162,17.7090412499725
759,-9.91081271051766,12.5087126256559,-28.6177712484538,9.64212399006819
760,-5.83564230425691,-2.45202770511161,8.27858766911852,0.681462347358945
761,18.4139624621932,-1.0103067745833,16.2071633987566,-5.77290700546327
762,-13.8569517411578,-7.56345169620084,22.8307643533804,-17.5008154585592
763,-0.206547619635855,-3.39220753786251,12.8933612680516,-7.1965741789145
764,3.96140982556339,-4.02444990753252,-7.10437099088394,32.7207009312708
765,5.44732975978243,-24.2450798682597,-18.4426250546645,27.6071575883506
766,-6.40243919645864,0.365831411496898,16.470897426533,-11.6784331222406
767,-2.39243696115882,-3.4610277276245,10.8435710154288,-4.78497542018998
768,-12.5033811120495,-4.69356738339687,-19.1941261274278,4.03695093803019
769,8.75785095888629,15.3657176435894,-32.7010093588581,18.0240326441578
770,12.5401601234203,-5.41127006692036,22.9758708885548,-20.4634843934281
771,7.10180132604969,0.0860547146427662,0.00263154688415979,12.7880378423918
772,-1.51318284121697,-6.48887416426137,26.4423591669108,-17.8181914745393
773,4.97091773904813,29.0496448934828,-21.6901208021241,18.5030626992773
774,9.6030460825708,-2.81943903581088,-11.5086319610656,7.41193530870104
775,1.04352203805663,-7.65043184195748,13.6986990575584,-24.8100490706312
776,4.92070198445647,-21.7057048018587,-13.7338614842632,39.9641324940844
777,-0.718179458359166,3.71964219462564,8.63183435903036,-3.07501231441537
778,-34.7947073027061,18.6114359941256,-50.6127996709703,3.05578178502852
779,5.69678070100317,-9.15310976636834,-10.4393425329709,10.429249832942
780,-1.98883995044166,19.0140774261873,-42.7963065459725,7.39499964859539
781,10.6448012661496,6.09644366494005,14.3659383932909,-9.51899631471201
782,6.55881678532304,-25.1163743212841,-17.6626278646745,29.692491726705
783,-7.62930955270531,21.2587546171377,-44.0890820157316,5.09113501958978
784,10.6752403796865,-5.87519570981052,-0.565792446656493,-4.29496851933988
785,-1.98027267152734,-13.6251478090229,26.9468031069255,-16.5297273025013
786,11.8204522845351,-1.73556927192166,17.3160209432526,-17.4411178163334
787,12.8490958008565,-8.30331194683693,12.8104276069114,-24.1156974697082
788,19.1895016467066,-16.5850506558454,-12.4008677274019,27.6877630462061
789,-2.88732509160801,4.64886999149161,10.4477317885419,-4.15246677259264
790,-8.50092230455595,8.30231881855359,10.9541663766269,-10.0610228137264
791,6.34849872116985,-4.84223975979148,3.69245288484421,-17.3733939999581
792,-5.36458404109142,2.92890179834803,-7.33606509552344,23.2312761081319
793,-34.4086149782042,-10.6864753830484,-19.6330657000058,41.0612068650642
794,-10.9418201948157,7.30907455184904,16.2979920371222,-22.7205961958802
795,2.46876301060491,19.415805879397,-20.0454689056888,38.5554667835555
796,-2.52658144347684,-15.6862318289224,-17.9632935240098,30.3200028413786
797,5.48181899315905,6.69812207666511,-33.0427669671034,6.39521037915851
798,-2.01644684550236,-9.0723422602985,-17.2399324414326,40.7442304234004
799,12.672187288909,0.87551505485116,20.4502232642381,-19.4266757934295
800,9.95199110225571,6.34797967017955,13.6406895628831,-13.1025818604429
801,-6.44598829756536,2.32702309285326,10.369722955187,-8.4390155550165
802,-32.3620542268451,-26.1428191845629,-14.0725382847806,49.6685531302957
803,6.33031133180378,-2.78168527646088,11.4809097211132,-0.948300348596991
804,-1.53385500678194,-8.80537799629466,-7.47005167764095,10.460967767724
805,-11.118609830709,-15.5693235758287,25.3025414797542,-13.9667164597036
806,-1.87197816361781,-5.47776799961731,8.45064771950002,-7.79604271325599
807,-2.28228832804747,0.702734717063325,-5.17416252620996,10.1741915760612
808,9.23023408227634,-13.5764324841907,-12.4274351361321,31.1369478148111
809,9.73050572471506,2.93815263531384,-32.4594042708243,19.2945733615291
810,-10.2878751118861,11.3671013824422,-15.5436470204807,40.2390372084068
811,21.5434944470879,2.21879778131794,15.6059529076891,-22.7171809522767
812,3.67586212192998,2.03098634499808,21.205911594321,-19.3058277715285
813,6.61782270865629,-9.3546947635629,10.7888960279351,-25.818092266154
814,-10.7085572251184,-0.300285100064105,-13.0871945094517,31.2783740079946
815,10.5633266004223,-2.49598729045726,16.541139702095,-9.46505287418663
816,1.14659892027208,2.32364627964497,-21.1086613019858,28.7116457730767
817,-6.40010038238527,-9.07421955215701,14.3465238213076,-4.20811669826606
818,2.45888419172016,-0.236253039750373,11.1541642047371,-7.70359735288393
819,-2.662138077401,-7.34164724036091,-12.9651123511624,-0.17174438627461
820,-3.68819916477256,-8.56586811121072,18.6691913093823,-22.8094427233619
821,4.54414317442625,1.73743487018753,10.4794275841172,-11.2186318793004
822,5.47448037269359,-2.86853755748558,9.82895419219424,-3.1668882067077
823,-7.5362051482817,-9.9207001546866,24.0778017656427,-15.9306483369414
824,5.75057902271138,-1.00832717418314,23.0363586070194,-20.3901508505535
825,-3.72254647871411,2.66551655012185,-15.4368744387627,13.4957900130277
826,27.9344361141741,-34.3533321368242,-6.0401642855933,41.5488822599112
827,4.9501909362414,10.3361010196441,-20.5203587843508,15.5316311185527
828,-26.0415386800484,5.12550816243803,-41.3964704578669,3.58196806111462
829,11.486536431908,10.5056939868662,-18.7601016210795,28.0015906399796
830,3.14429769335355,-10.7256133348385,14.4710506380337,-12.7422679126195
831,20.6091101247539,3.33909256237817,19.3770361519638,-18.3301608158828
832,20.1768461025426,5.00587201851126,14.8784379690015,-19.7025854602088
833,3.56741417482807,22.0661167062377,10.7985022628575,-15.4436777616306
834,-2.9953153569276,-2.2117078671226,16.8232451328216,-13.0300069539057
835,-31.4855637267692,3.00107879701622,-36.384474454932,16.4996998771513
836,-11.2789075338688,3.7469174150245,-7.153145590448,31.7284433673017
837,13.1666013476778,-2.16366989627411,-14.4883690502796,4.78172165855861
838,-1.73109420898007,-7.28077940263497,19.5859392715188,-6.80236948925364
839,-3.03582820488082,-11.6555931649991,-8.82109910308565,41.4944124870616
840,-2.84050450186409,10.2003828097955,1.00665173459026,-3.10488185530757
841,-7.53405563851822,10.886536412047,8.95024255923227,-25.54853528024
842,-2.38065973503111,-11.9034876826372,-5.92297252042608,31.2726132207117
843,-5.30638288616608,-2.36310113585222,14.0749540734617,-9.62264446688153
844,9.2693951063803,-10.7896103588753,16.424576372723,-19.4543068157473
845,7.79153090365083,4.34302965321313,6.43577845019275,-2.84466716021302
846,2.77778320035309,-2.03993504310862,5.52564126295328,3.59018947296592
847,9.32811580573128,-1.74577927953828,18.1234087261031,-10.5227831886289
848,16.7973530377154,7.75593400862681,14.9038687051678,-10.6907220318491
849,5.00824427983697,-9.63899405171585,23.5574192374302,-9.14292745055267
850,9.19485645402392,2.07232617295219,11.5059010587737,-5.06229415130821
851,12.7394342032126,-21.2135304581947,-16.4740623451404,39.5947821672788
852,18.0313437407039,11.7941971860643,-28.0447160521157,21.3698066262841
853,-0.362357711189567,-1.05565964427807,5.14041606509002,-1.76243287164057
854,-25.4652516812952,-11.9256858311416,-24.80891925083,27.9253212108582
855,14.4127514423757,-0.850736004723905,16.5714586868173,-12.0671804834113
856,11.9743147005295,-1.86567679294743,20.7376969741183,-14.7226079402501
857,-23.9084275526336,13.3070299064366,-40.2910967006715,3.12897742482374
858,-30.3449102555159,-3.53288130469242,-31.4795929541026,6.21943017382084
859,12.176093445645,-8.95826752733721,-20.8632662822051,17.5868109938974
860,-2.29392749403313,7.36779713331407,19.108593301155,-22.6213968713326
861,13.1906160142257,-2.27975875645528,20.3031941793131,-17.334853607719
862,-10.0358897515834,-4.4964904019829,-29.5804243297239,24.9273486436868
863,-2.69055752069332,-24.2880757505715,-11.9844600414254,24.7020311014016
864,-15.2784478267672,20.9464732940468,-28.4304437844876,20.8716086462656
865,24.3938539534624,5.05310716137803,-28.972622206274,26.8039550429638
866,-0.526772215841445,-8.7406229370759,10.9245619764657,1.0775325176983
867,-12.8250364322801,26.7534317989895,-42.3489892048174,10.1230631524232
868,15.9308967293439,15.1178179537865,-29.805096902979,21.3093922866757
869,-0.627167033438207,8.06848948936919,8.61012456327738,-8.29297540314912
870,21.5823101184779,-5.90816623456907,20.89110800366,-24.2330377459832
871,-16.6909494068977,6.84850142767939,-27.2295909934989,10.5033051596626
872,-11.3322309556061,-8.66838131242877,-7.88658172887057,39.4760259619095
873,-14.8675078424583,-5.10031588616148,21.5821936642694,-13.5464438572237
874,1.01434781909417,-0.909272831307555,21.4993255007914,-16.5641625683529
875,-32.2615512924021,-10.1758264577366,-18.9214613316134,45.0151768254428
876,3.03340601940989,-4.54200690579557,17.1797729393743,-6.78621184437675
877,-12.5082431085044,-3.36431222534181,19.9606218940276,-11.1734349389216
878,15.8325888534919,5.62460746774774,12.3912855785852,-12.195071918221
879,10.935264683551,6.19619431985944,13.7326684794583,-7.31708675211422
880,-3.82626100812335,-18.0795366804283,23.6858519454606,-6.30167568823726
881,14.2796235199766,-15.192885497323,8.36344122499354,-28.7115567816424
882,9.17747434386101,0.345854320655386,16.4867466263201,-12.3056921673275
883,13.3103253415627,1.09042869874464,-24.9718342570449,20.75940513182
884,-18.8840563252066,0.109575151010221,-28.7197105914316,20.8224464115549
885,1.79471684467716,4.34083894898603,0.63751147457803,4.68042433741845
886,-12.2063488960378,0.371976976018454,16.5097088702852,-9.86975417086987
887,-11.9027358129924,16.6759253593119,12.2343893235326,-20.5883971761792
888,5.97527889350148,9.78780464689326,6.16186537880813,-0.270257768847712
889,-1.85045456439115,-4.04006445802407,7.6485676528551,5.2469385408416
890,-0.419398216193464,-4.11149319880367,9.73883218786063,4.62359653752054
891,-3.62005044872601,-9.71945645115273,-8.35047563580381,8.9278500677554
892,-5.22798086214103,-6.26777534666146,15.5789817856173,-4.55098073702155
893,9.20136276828923,6.2672504103671,10.9919549101344,-22.4525947344463
894,-4.7327104325252,-9.52795731965827,14.9456581123072,-15.1099906595179
895,-10.0682661417626,7.57784517103586,-19.8274040179856,5.23468726430655
896,-8.65082007778736,-10.4761060607761,17.5799329906206,-4.32853685789746
897,-7.26127733782479,-2.52340400820872,24.1758710922969,-15.0629583287097
898,-8.3943587772352,-22.5378740175886,-13.7714986386077,19.4004626136005
899,3.29863327845272,-4.16814205685698,12.1860234815115,0.025496007803139
900,1.26047489720799,-11.2591618240912,18.1495772726374,-1.11001180886703
901,10.9485367207887,-6.73272389773856,13.7549867265202,-4.19183822826204
902,-4.48272343124548,-41.4180566254711,-16.2111185152734,40.2931804282425
903,5.66029110027428,-3.64183791100673,10.4388530857985,-7.70882278705929
904,3.55074454939973,-11.1302246103879,14.4184942385025,-25.0003630481067
905,4.0925381480031,3.0974635703893,-33.1432669754075,17.68248535813
906,-5.00546617187253,-0.531189948907176,11.9658146052726,-4.69110480067212
907,-8.60276882369904,-4.26718087600726,21.9990945880392,-18.6360725157588
908,9.56665803861566,21.1984979401616,-17.3844859111625,20.1989714403524
909,-31.5651658729986,-6.28598013850501,-18.0707922850115,44.3427267934642
910,-6.75535246872873,12.0093552623142,11.8159342405628,-12.5422364323317
911,8.96384152164715,5.02062206053974,4.23166836669841,-8.41809088803265
912,4.51204620113375,2.77845400099947,7.85316748350132,1.50706608534038
913,9.65168154741037,-12.6708530659902,-13.0275645383774,19.5801062042757
914,-11.1679744211083,19.2219516104098,6.32170323311236,-23.0779486302441
915,-19.51959311672,3.98251207363655,-31.8913185096965,6.60102836504057
916,-17.6921702486481,-0.744421865595966,-22.5306038979636,11.2762481746914
917,3.89181846931063,16.2353539645759,9.04154174485465,-14.7348056071421
918,-0.554725623336188,0.394720696155195,-2.11182721847513,31.3635059060021
919,13.6699666746277,-8.90972986351976,29.2551411782248,-15.5932073002914
920,-7.16836479658031,15.1678210974208,-30.6972880299642,18.4660394180318
921,4.5368963885321,12.1852804036099,8.25429325095173,-5.27976922225284
922,19.1862759211148,-34.7928695833645,-12.8622061157619,19.1847870045336
923,16.5218763088492,9.79123170205709,-17.7180261331778,22.2790993437461
924,6.11890314155805,9.12643774657066,6.71272798734946,-4.83346011380537
925,-5.85816658531741,4.14185046824376,14.3723040292717,-20.1013977127052
926,0.600903217101116,4.95363261994669,-1.80275227241664,-0.502919430016451
927,-0.97202509341387,-13.915611567608,0.653333759835904,57.4128358604615
928,-29.1901396920677,35.4069453865889,-51.2231265518076,7.08181268176712
929,17.8818480444252,17.0407923330753,-26.7773315806614,23.4944545476379
930,12.0152601961441,7.07632785220999,-34.1859933697998,16.6635887971339
931,-13.9906851140159,10.8079848161379,11.5015630177964,-27.1461288365486
932,6.3882486950438,9.89604954662418,-33.8940034590211,16.9398893399233
933,-4.49661290826956,-3.95432400680138,-0.166546623355682,7.3204955699836
934,8.75947693642587,15.7623954478983,-17.4692267268075,22.0335976812735
935,9.92260672485933,1.60887515454547,16.9735257455509,-15.361028121202
936,2.17151484309979,-2.29664640801228,6.73010116220941,-3.28427204801989
937,-9.7721290380513,-13.2373241809038,-4.72583412145217,44.5194912036835
938,-1.24382148699931,0.414096713454585,5.13696931863455,-0.276853112440504
939,5.55916032581877,3.65682133505151,15.0405683603093,-23.1123164690886
940,12.3028424023741,10.8981038908986,-11.9419006513614,15.6917493416485
941,-8.70609589293008,12.059894456425,10.6609961163396,-23.0508190197836
942,10.231055254001,1.53745137178158,9.4851671197249,-5.29083347598313
943,15.1690391257623,-2.79419084648816,19.2433603531673,-17.4966167050601
944,6.62574397602656,1.95684140601873,-42.4277799528658,17.3059268097792
945,16.7212802187981,1.78718569365969,18.3045457321502,-19.2093860425333
946,6.15515101895021,-3.41799546253566,21.0013769574923,-19.6879282873122
947,1.88967004603173,17.2451051746985,-23.8953699755859,25.313027611346
948,13.5386316841905,10.9509626066487,-21.7228756310382,27.2108006842741
949,7.74152783552967,5.94383712723225,13.0044967461642,-9.75889422971615
950,-4.45343558302318,14.8146572192725,-26.0550757711803,5.46657991056313
951,1.64800876343217,11.9883848532253,-14.6895201083526,5.02011594839951
952,-6.58756411822934,-4.28422733388521,15.7739156351379,-12.6396375788986
953,7.12941098748897,-5.83220468764292,-12.4543713503106,9.80274481701061
954,2.41448047066473,0.30495610286862,-20.5017622330848,18.4058036480651
955,-0.708458698494641,-2.58562665715957,1.20814939083249,6.09913679515486
956,10.394577300552,0.147584650432391,-26.8000834090457,17.6615470520866
957,-0.497398307548491,4.95378374095458,11.6538687876117,-8.1097881510054
958,17.7987715349678,15.8233185519655,-30.5282244834707,28.4108878514324
959,1.37364971581786,3.53624028041278,10.3422720270311,-7.98663543742512
960,10.9114462268368,-30.0845515402023,-14.5579138622741,42.5058107228378
961,-11.6231034188982,11.6793928305135,-28.8510324607783,-2.82361941528932
962,14.0345984771749,-1.54637787298604,-20.654221345821,24.7203897449337
963,-17.8552794059176,-25.9832565252163,-26.4159003971607,33.7921645544808
964,12.5791790304028,3.29499801608562,17.9760781829849,-9.71781372230572
965,-2.07670763784725,2.02427160656862,10.8922298002868,-6.30804344713861
966,11.1261091578522,-10.9693580826061,-9.79564901511627,22.8663230203115
967,10.8974589033576,3.73170555380012,18.6154407969499,-14.1967727104042
968,-18.8890460957319,9.03752314870001,-38.8175351919053,18.8718744905866
969,6.96442102121638,-12.3133991716687,-11.8339503339079,23.8398896261076
970,16.4935700252506,3.46608980968119,15.4120512981813,-14.5318705120602
971,20.1657492962753,1.15364957288896,19.2919252878288,-19.5966883373369
972,14.3464542617074,4.04005210304523,12.5754584239665,-17.3778965446685
973,3.65255129521162,-5.71560789508292,5.95212174613281,-9.09146985092278
974,26.5538846517455,1.32035216828154,-26.6224256913116,31.3917129618669
975,-6.54548707773395,5.72455914306338,13.309798073295,-21.2995241292063
976,8.95497384847133,28.6565495114569,-24.3508101746845,14.4269201424627
977,-11.6687913594544,-13.9960287265851,-12.0597312669682,43.1772906452326
978,4.35410920146019,4.24185303064803,5.11667542220158,3.48080404117133
979,2.91229733485523,1.71269325388064,6.94979360152406,1.59495335320763
980,-13.7841581315123,6.65906279871595,12.0938707742791,-16.0708445768978
981,5.4824060321935,10.6324870525999,-15.3506419831733,20.818292280765
982,9.66666473796584,23.1514948677777,-33.2798624112921,24.6652433204061
983,9.84455965038973,-3.30898967169454,-15.1468230048871,9.16061030709262
984,-12.7794188158815,14.2696205677321,13.0756409983728,-24.3893436274205
985,14.4296211224434,11.0502199802983,-10.9994753108762,23.2031371437487
986,15.4624333467913,5.9064863898319,15.6425738414527,-20.5635470442223
987,14.3528250010511,1.65106393995158,-18.5503507512499,24.6771955847008
988,-0.643349115390408,-8.2173699330417,11.3001314619824,-17.886250195306
989,-2.69429854226983,-3.96955213098488,19.6331377347604,-17.7188174260774
990,-11.7527606950866,16.727642559437,-36.9824271144238,0.614182047509454
991,-26.3933715888962,14.8609833164484,-33.5507579268102,23.7065402393298
992,21.9259767266472,-6.00440614658296,-32.8423926175725,26.7014652326882
993,-13.3439593798793,-1.40047506275282,-34.8397351000467,-0.363929589224157
994,4.20393727803913,-19.0736893230635,-10.027351850691,35.1082933408903
995,-24.4123551059722,0.0129133796714264,-27.0614572534893,14.7599699070782
996,-9.24873909055075,-5.73354281162622,18.869425740146,-9.11259838010184
997,-25.3574168957622,15.222709292974,-19.2400815561102,24.1259637657502
998,-10.1549204060359,13.2866331567299,7.18506453297571,-20.752510927535
999,6.10337788384906,23.101274238284,-19.9736044410527,27.3902010704935
1000,-3.30347899274921,3.36205597174955,6.92647866152062,-5.86657846662707
