-7.71093459770132,-1.21661493788158,9.17785859738651,-3.94804997925033
-6.24121542806056,-3.90908080640971,-34.1380142892201,20.061676413951
-5.02249092837689,-9.75283873420663,-4.38862302403875,13.1920151255477
-11.266003535289,0.471201258526931,-26.0084446073191,13.4556735074594
10.8283046645026,-14.9327629659422,-11.8517760093662,36.5913785409129
1.20454728985274,6.65612718993337,5.53232116981006,-7.32697548436169
1.04946031798599,16.5754573667813,-32.432450244618,24.9411035842968
-1.35631148529022,4.83652630945784,8.11155953002446,-9.16669754927554
5.50286029117592,-13.7787141496644,21.6783293042251,-17.468640240908
-5.42624770812479,-0.0430565491893264,5.96290036126561,-3.23904303504563
-9.17251290460149,12.322387547287,16.026452573393,-18.9955980517396
-0.168509156268701,-8.14229383068136,16.7199363515488,-21.5969263866919
1.34021234812622,-5.37590085391954,14.0019187539835,-12.2773117337455
4.23706588155437,2.15453539475051,9.10474170064232,-1.76522093802549
-2.26782401064845,-7.3154102758692,-7.42691575890692,7.29200326092177
-11.2860695128261,-8.6154567331542,19.7600331083132,-15.767601752042
-21.0299861658264,4.36242202054176,-29.2513587303442,14.3435863043507
4.5707912020724,2.69164688821159,7.42534494122752,-7.29902772961474
9.39498126344455,8.10219399328741,-12.1148699547848,15.6196081649877
-9.91509645520036,5.72756804906326,16.1970740347674,-17.3978665002929
14.2910515266883,14.2762231888012,-25.3086016594659,24.411216749811
-4.71794434192096,1.71097657603072,8.33494646404171,-5.40670773594948
14.1554242129541,-4.43029080284404,14.5215143998008,-16.4419470953424
-9.59784162699984,6.4299144712643,-27.4969719920643,11.9250539530505
-18.3915414400052,-2.75825561537359,22.1684366499711,-19.5541295763548
3.95043983484897,3.50176834113198,-36.5074577039829,22.4875712783746
12.3444825672253,1.06832320485941,16.8492365654603,-10.6965404060007
-6.59502954463255,0.672794906370012,4.07257276336129,-5.03601391672066
-6.99714558032905,-3.64586267098619,16.9209083050667,-21.7860285255967
-31.7375515465518,14.227359829356,-39.9808902615425,16.5335339167368
-13.0979770323405,-9.86154231213925,23.8587537706929,-12.6341009827268
6.1731928303293,0.722902888211896,-29.7275039356658,28.4196508400376
-8.62969063011737,-7.64891862280192,-11.6134801519897,8.45708687582928
-5.60760187389595,6.50252707726613,-28.4393447483371,22.8441056144117
1.26693888674131,1.18888714012944,-22.3794858217453,35.9682292711553
18.8620990826823,-4.86666848559254,21.5443568883308,-17.2389588127107
2.6978608770858,-5.51450738550705,10.4672489476975,-4.01549408658659
5.44234460742444,-16.9385779187818,-26.2641435288828,31.2695703296068
11.0566237070268,1.35999921589924,-29.2755554796266,20.9016517805128
12.4941520241665,0.624316859987811,-22.0519137435219,23.2927084590371
-14.4884434753052,8.14912469186542,-18.9750901406919,26.8085895635151
14.3769209345447,-6.9013123817518,20.5188198477193,-17.0054559235584
14.0078529532067,-1.28827575269263,13.8241025886651,-26.2890562751012
-15.2894521312379,-0.799611777646967,-22.1466650399136,26.9486038248008
10.0517881740792,11.4571307068345,-22.5701111861449,17.1388985028293
4.5673976498982,16.9246316853079,-36.7015040343755,23.8160589021046
4.24902766411377,-0.906900621436293,17.5994473874337,-12.6368469831659
11.221092920116,13.6801098530003,-34.1616208017477,21.2105206039224
-1.37983688135852,8.51770029084093,13.4939663185629,-20.1052587497149
-10.9362895132837,6.70657108718097,-28.0458445118,10.5019977295681
2.66598597256671,-11.3663123553297,-10.7691697242653,35.2703198703638
-33.0170324647641,7.32679837358685,-35.3746771673046,24.2052410862039
-2.88613623578899,-17.122725469402,26.6378888890492,-16.1097171575293
-3.73782047259595,11.504387594558,-33.0509066676012,16.6519110572164
-1.00759446397381,1.71215600160491,7.93550900345722,-8.90225123570299
-6.35894019840419,6.45444913069872,-34.4484224454534,14.7578139622317
14.3882784732086,5.07521050374762,-32.0026339675432,25.0651909438382
5.55423256616694,-2.23111682270172,14.621052335465,-19.5668334480458
1.80471936691701,-21.0775224415246,-21.5143291240619,32.6610547447622
-7.36300622876587,15.9558822005379,-37.466880625434,11.8244356422301
-23.9086701023257,6.17901191436935,-28.0104899409371,10.862457344628
-8.64852098148341,9.27249388813321,15.4231884617436,-19.4578286661934
20.6573294861814,-0.457617600254359,18.2133441430568,-25.3826255538426
4.51257657156276,-7.06314199291045,16.2012407724637,-24.8574848918746
-16.8357655991338,3.45671885052375,20.7937232139535,-14.8843075187195
4.56085117353254,-1.6730678720837,16.730269606219,-23.901240741577
-26.8380117638507,-0.727265007921751,-29.7964389023162,25.4872587259714
14.2457375317807,-1.54145241419437,21.3394107105139,-17.2907414571806
-23.1515488491331,2.64811364533165,-28.9963817740785,19.0313948329653
-4.52478142366824,5.34051665661829,16.1677535244262,-17.9407589537195
-8.2855622502204,4.7690498086855,14.8393853481696,-16.9625291976201
-4.89938607806638,-1.03821920236027,5.32245086425213,-1.91636396720484
-3.28481208931022,-0.346803249084913,-4.14932058435081,15.872950182396
18.4862685482932,-3.09018477703044,19.1279368040625,-26.9246201200917
20.4306182216601,16.6902955504416,-28.0232445035774,28.5110797990979
5.7263078262735,5.18443500259255,-5.29250982405555,10.3388969841776
1.01015448471284,-3.6093596901599,20.0757692002536,-13.765662086804
-3.37549569868336,1.65869990310934,-18.831879594023,18.365677496932
-4.55308713262856,-8.46554180684045,-5.3285952013256,19.2854327116236
7.49638855342487,4.45937204934017,16.6667550067924,-22.9527908868464
20.5742523640372,-9.14128398869771,20.0818048586036,-19.8419285349811
0.826911838666887,2.30059446406936,-31.2058159986263,22.8706616812272
-8.34278438190682,-4.40869179526099,20.2572443144228,-11.8080410296302
-14.804052977279,-6.26660875776878,-9.11516421418126,30.4239714874254
9.00113458210569,4.61686345496211,11.8446976786865,-13.9621616841757
-0.215463812925459,2.12845210229383,10.6985184607459,-11.6169186553992
-2.58309633832715,-6.91077315520668,-5.98373429204104,18.8147637506697
0.961071281725083,23.9123661119026,-31.5301717474555,24.1288092406849
8.60767008749235,4.34691932231789,10.0933742223103,-11.0932034139574
-26.6876249902336,0.792054165271263,-33.7788908304315,23.0897287322908
8.90876983978348,-12.2953126613886,14.8755796378204,-22.4881468629869
-4.10833143597723,-2.62597551897255,-2.88599944540876,18.9315140415968
-11.1845776018156,1.05303246063664,14.5559347264642,-12.3148928358925
-20.8705471113847,-6.11668726844749,-22.7817618954226,22.1410416346097
-5.60818994681316,1.94945028697554,14.0592489864907,-15.3326400961991
-7.66372066120199,1.03156570861323,8.03972378072092,-5.36036232674464
-7.36421548142584,-1.54418407535911,12.5724977507948,-5.28540420026209
7.60801565834297,-0.314831644289139,5.69138770547493,-1.01803765221331
1.19161880339679,4.45582875732634,1.91611850041426,-1.79548974052029
10.7896053417363,-15.8696261898822,24.7157263755257,-19.6494512128491
-6.2392308121335,0.115407793195737,6.97159590662203,-4.09886928398591
4.80499628469545,1.73562992682762,-15.0594144306014,14.1113414638228
7.99201116304267,0.796303096668046,-5.89062692719006,12.2868659265753
4.63376098332397,4.09601777027066,7.63101829110335,-4.40205080803261
7.48254507732264,-11.7721255851636,21.8643593224566,-20.9816318471147
13.053077167115,2.35162065062982,-20.3332949141694,26.4218508229966
9.18298792683862,-2.75809648419522,-23.9500434256132,23.5664027937947
7.24738452897968,12.10647524575,-25.200265922549,15.5941193183639
16.4109299160937,-6.34516765111517,-19.7855528577033,26.2200951274294
13.5375550055072,10.9747329040718,-27.0495183637385,22.9879923047123
7.64738665053313,-0.897046871875901,-12.487042693719,15.3850641189867
19.0918150790405,-0.756352663764619,-17.5970067678876,27.1208010867525
-26.4161249897418,6.4566667099132,-32.071192612523,27.5749300840224
27.868081746979,-3.40871840320571,-19.8181170654508,31.82102885843
19.3642124933737,-6.13192438868134,21.4293889109805,-19.9196621557536
4.14206990264898,-5.34778110069961,14.4004794367077,-9.76627293647958
-4.81358328950588,-19.5780723292686,-10.8333763391077,21.2724401842848
-22.2892887419464,-14.1019629688075,-29.2172938242899,30.8756872508359
-1.60681107701785,-13.7376090698458,-29.5102768988266,29.1417687571521
-2.72598780418508,28.6240107730992,-42.3969717840802,12.0336573835156
3.47871891550216,-19.9893498581192,-20.731958194083,31.7598297046812
4.26623461595381,12.7738144099805,-33.318136875433,16.3727685494494
1.11563246551906,3.58411898449322,3.93422505114431,-4.56043214243783
-5.81600212567871,-0.883870798097161,16.2053666333285,-23.6439003395796
-11.406602161001,-4.20697223434983,-19.7244738256967,35.089409017942
-1.18641674235327,-5.7398974263748,17.087097822581,-20.9146590728108
4.48560333563898,0.678148407515733,-15.9196460233733,17.459092480991
-31.4297813011307,1.02213707707474,-34.9538523277986,14.815534044471
-5.14895437698705,8.88775648403642,9.46097471478596,-12.8816105122297
0.159892162158794,-6.53130085647938,21.9751848720775,-19.5561490977153
-4.08344165185638,-3.12956962745418,4.42166274081841,0.567110781040643
-6.77057810329566,11.0719790946935,17.012006877444,-18.1238911209616
-8.07123272590605,5.2064304138719,9.83137211911877,-12.4496283800632
-0.355192952435825,11.9082610101441,-18.1804640263062,8.88503485646769
-4.0000274377609,3.93829579370149,4.46122251067992,-4.99711998410192
-9.11903328061858,0.271322485841927,7.88094072259884,-3.81695530563838
1.01839349861438,-5.90414202300558,12.8119470120714,-8.6639329909644
-19.1654073137965,9.97628777182008,-27.9279114691523,17.9006647479724
-19.1542884952105,-1.26794990867277,-17.1137241153633,18.7082799122725
18.887897338441,3.98432448664595,-16.4106876404005,21.0425641765375
-4.19393157679606,-10.0803179825095,-15.2334197775443,22.5143485518046
-2.49016780813224,-3.36175916535379,-32.0037740634972,16.9710729871554
-0.798168383475623,4.25884870294974,7.58990469717429,-9.43784211956232
12.853367116544,-0.202787672613523,14.2232717143696,-19.7314358746236
-10.6640517530929,12.6592199107613,15.0641478609577,-20.4854524097801
2.99251084813889,2.74344719256523,9.17796715900356,-5.46685471049389
0.677197093804228,-22.72088028614,-14.1816448479619,28.7775748450256
6.98063344460342,8.20820791944971,-21.9220863553892,17.6893075004075
5.54242341793676,13.2000675984641,-19.5493142437159,11.4748762931611
5.36909946559773,15.3330352367517,-36.9275325805157,14.3577353991818
21.3017730366649,10.4070420218436,-23.3918910784834,28.0399435541381
8.74335467551257,17.5137425883021,-25.1732395466144,28.1766587883324
-19.3778902059835,-5.95691349803461,-23.7228558063723,22.6079971537022
2.98574713561093,3.1851898491187,-0.879297359367718,3.4554018079373
8.37347991940358,-10.7460937485382,-21.4329980391387,31.1341200452867
-1.68313374002977,5.10428603532661,15.7789465935805,-20.405117392355
-26.4606476231065,-14.759414003066,-34.0698061959815,19.5818050835508
11.3117265403536,2.41996828057993,-8.38775072519668,14.0440794987026
0.328350499818101,-7.30396338848077,-8.67123194166586,15.1519797788319
-5.51430449479796,-11.5963712178291,23.3022605336281,-16.5989826907952
-10.8921157865064,6.03296774500632,14.6853917848881,-15.7743177303269
12.2155512200642,5.52841905135685,-8.6521937912773,15.997940055471
1.15934678630472,-0.14667228442232,3.61001623165449,-1.250591593482
-16.130671007946,-4.70774402259741,-32.9259836694704,21.5928665989946
-11.1791137421911,-1.30914485686252,12.9082239127754,-9.4394530709981
1.30106576078957,-1.7655539672641,12.1671596446693,-25.9024204517122
15.4346058206899,-6.84443459747427,22.0144131775212,-17.8285144452545
6.29023636660953,-28.0882543712677,-17.184243603225,35.1022193354761
17.8690398801109,0.411597621929731,16.3872256520953,-17.495474917246
4.74790671575236,11.7078281447527,-22.8892648792256,15.0235126039149
15.789104422134,6.28815941829073,-29.495457251721,27.493852672199
-2.7091510145887,-8.74783910945665,16.7417687406395,-8.27229247111645
1.38891537188281,-2.53545134366044,-27.02857062562,23.8619512950652
15.9710733177232,-5.19181857492154,17.5656359954915,-12.4103591407889
-20.7630964142404,-11.6323652121832,-17.2291629671976,28.828894676282
16.2525548948563,-3.00982297203059,19.2068181148697,-14.4769092555369
7.29959937720255,15.6562781870735,-28.4001503136676,12.7894634970456
4.78709457090133,5.38083003607701,-9.06261971881796,11.4815479422335
-16.3656198868919,-5.35300669247321,-25.730400130563,25.5752060759735
-9.61573757962046,0.156447542550433,12.4348924292902,-9.38945404676666
-14.0512901133989,-6.3494427585203,-32.452404022549,11.4932065232398
11.1589707604773,-21.8308430363562,-18.5273153151915,35.5874011975131
-6.96467029973402,0.283465237961077,11.1243172967365,-7.96456374383782
15.2703678125398,3.39706887030487,16.9728514265275,-16.4758773073515
2.27980545478592,4.85018700893243,-37.1119683484465,23.1150539036712
18.4309920584246,-0.856727331418875,20.0889138856639,-16.4373024085506
8.34731363260767,1.180491021275,11.6763629531205,-5.27871029395169
-3.87907791527599,-12.5012811182264,0.684040349015784,25.1560970745591
-0.577883477728464,27.1008535786765,-44.913293742379,17.8352244061479
0.018108599045148,14.7250560758952,-36.7805842251064,20.153973137172
-22.181342252278,-2.66379115973283,-27.4509950224601,9.53144962968268
-11.4866812297665,9.72469225336741,14.8108550205542,-18.7511384745293
-9.75062703021614,-4.6727442994359,17.5624867515063,-23.737299151253
10.6656122155145,4.27127491123511,11.4881527076241,-10.8959562239174
7.08027163871932,-0.859117577417024,11.7323252861337,-12.0514624534016
10.4689373298324,0.89085246603674,-15.6491302030926,19.8174859506736
0.0553150080054786,2.2088615288496,2.95949169868328,-0.0987243946891094
4.10442194274481,-0.551883531544257,8.41763217865902,-7.01299499953425
-22.5878434120392,-0.133697919298993,-33.5982961605115,10.299847321022
2.70700147117262,0.718198224972434,13.1372249054915,-11.3214236366852
7.25803148699837,9.16467563142039,-31.0597765248249,20.5083926282871
-17.1139015021709,-1.67949474034645,19.4050379095141,-23.3240855378373
1.24916383961997,-4.71371542325138,-11.9981911444059,13.1530803227699
13.2058205655221,-1.99179224138225,22.1459693467508,-16.1225309583374
-1.70636298691379,15.4564654874379,12.9715455292221,-20.6788929798287
-2.90996999318606,-1.34321149219268,3.71644796786629,-1.48270406719231
1.40460846733809,1.27833541826209,12.6572434762425,-10.268051257652
0.445315535805484,0.107609066262446,12.2415391790565,-11.7815112796785
0.00145100365233022,10.1183383367222,15.8051853530453,-14.7635187349249
6.33368878931754,-0.930454935206549,-7.60649172360244,13.7743266802227
21.167243181583,19.751611804189,-25.7790128253278,25.6564501309852
-30.7806999270537,-16.0585299793689,-29.63346281788,22.8872974247148
-4.03070196034937,-16.1715057587348,18.1538633054102,-20.2964650198873
-3.40442242322494,-9.43884430076859,-2.99816653349853,11.2310780079917
2.61680264597866,-22.3073932294812,-23.6026190184973,36.1519766376747
-1.22458844595581,2.38887066142876,-23.8034035569531,24.0331366437612
19.9798212921597,11.2521645486407,-19.0426789311579,27.1853573016913
1.43070663372605,2.81733258466223,5.04882884664388,-0.086379783929073
-4.41122174355206,-0.0682068456031105,7.08495521804565,-7.8165188297975
18.7248474664271,-8.67856377301688,23.2986081615974,-16.8999393611245
-0.745290301689732,-11.075510908043,17.6548142620276,-23.9856929329261
20.5051171398196,-3.11982483087151,23.9705495373645,-20.7761534126508
3.49392726508557,-11.6866955601342,21.8943950580891,-21.5566757722986
14.0941774535031,-2.63067863886746,11.9272642003083,-8.33391820481228
10.0359949949777,-0.68339909712535,-11.33705308822,15.7010806273886
-13.0530536729002,15.0570877160213,-31.9840102118695,7.97273797853851
0.735306003983132,-8.40368367409055,-11.5955739028411,13.4550236240235
-4.16026954019106,-3.9237610228063,16.9657994810802,-18.3481172664618
4.61128261249958,7.1650652356477,-29.0790527199587,18.7447126579742
17.1845755854977,-2.90496096952896,-13.355541067497,21.2193520061516
13.1350694403815,4.308756520977,15.0133173091609,-19.4427916378411
-1.82653907834396,-26.9258894258748,-20.0979872800645,34.1911378389354
12.5720556737228,18.913400231299,-33.9872257390612,19.5063235505059
-5.89715445075545,4.1124538269808,15.2119595006777,-14.984248124021
7.04488616185983,3.08920328872711,-5.32140783956596,10.3201880744075
-4.51935512360442,3.62586961436404,10.0350836539217,-9.83883128945607
8.60769500966327,-6.96446510941439,-13.9969605477949,20.693646953014
-13.0995379023659,6.78638803464382,-24.6397736774449,31.3456425718365
0.297594431774898,-22.07727092476,-17.8858464655298,25.0509789691539
3.05314163695411,0.447712210390539,4.19930135047617,-0.576726292347423
-0.119729144677341,-0.171637542225892,3.33942907914013,-0.293830424399191
19.2994627201704,-7.30331912387476,24.5125729124977,-20.9229503783955
-3.38124433482753,17.5013238641995,-35.297477727619,17.9011476437982
11.3050669938234,5.54467022179964,14.5983983959027,-13.4182923107502
-6.80652722148641,4.91467546159171,11.9055117235646,-12.9254091747241
-5.14872636945102,-8.12482920300423,15.2933655224303,-25.1604615507083
1.46212628196201,-6.16430786452463,11.7457043667239,-4.23107626308508
4.66127716425649,-0.164611405411286,-0.776800195817646,5.23473051171298
19.8838771897165,-1.87262585728768,-11.0872750491266,24.7562676183069
10.7320614004166,-0.0434596732663095,20.3173866930469,-16.8082030269852
-8.35426868086431,4.27704853646856,-31.600027766108,15.4205238675562
20.142426114666,-8.73967640243041,-19.3312499972736,38.5072354832547
-18.0075397746653,0.239146074450812,-17.0132865713272,28.4702317599881
-29.4401352295437,-18.0115295509828,-16.3867937388039,41.9331281237262
16.0665662112921,10.9645662948545,-17.8043842716048,23.2110308184149
9.39251021688825,8.94157008948147,-21.53337270193,20.8435468767106
-0.874092656044037,4.66792366641134,4.12835764997025,-4.31246468572122
-0.679163972274663,18.1339053223759,-31.7455216157381,26.2331879805086
2.95332972005286,13.8863201057707,-30.0920639397539,13.1160821694899
-6.15259205176045,7.84394753911473,10.8816562840383,-9.77455067146577
10.1950632931994,5.72718673379134,10.1361475349686,-10.010018486505
-3.33100871633778,-1.60131069558957,11.1276709506752,-4.60673305516886
-17.710674159624,-7.10144686333547,-13.4662270255008,26.2158059518168
6.30701758110777,5.92459083037388,7.24157210466203,-8.77284565297603
9.52301324196497,2.73151496853251,12.6635947632645,-7.89675230127564
-3.01932730000579,-13.9853416044517,23.0395794352848,-19.1610957933759
-2.23475209576688,19.2379395871233,-37.7775007313499,12.9606633775695
7.97368454220655,5.97758862803405,-19.033894233841,18.2388328031939
4.46475151513121,13.0167980827613,12.3075506710453,-22.5657463612869
15.9468444244054,10.1982425373779,-9.43218141712804,18.7172140994392
-2.08108979312016,-12.2880781941013,18.5118976320671,-20.6806222028998
-11.4649106305394,-9.10729646137823,20.9157406467742,-10.3886511787555
6.04814643616238,4.87697737938991,-21.4028391598437,32.366169213937
-12.9787353609991,-2.08761932417721,-14.9702693950725,19.3718225887932
-0.00495559267593486,-1.084865019943,8.81565937258939,-5.47701836036875
-17.6980395672824,1.87417905675436,-21.0261805160429,14.0703558401298
0.895367656430153,-7.89431207166019,14.9600186866194,-20.1432468691015
-36.8546546911786,4.66861792771752,-35.6657707687563,23.4359668326421
3.79512960381708,1.33138564874758,-20.2280280898137,18.5155866695702
-8.06125595069724,11.2570387733278,-26.9660376369557,14.3200245240693
-3.82798924492363,-10.4179003760784,27.9502287934013,-14.8842482209265
8.61399502783821,-8.3983485242849,-19.5470817291576,25.1171850920343
-25.1786070660616,-3.73113869995719,-23.7151461439987,22.0085405809034
14.3061331659654,-2.48072293168632,23.9758171304336,-15.3321234839473
-1.17579748604843,-3.03177974049787,-1.51450350682163,4.12283062912879
6.66340218609882,15.6083052868009,-24.8329971834476,16.518645434736
-2.98428668088502,-7.52235491764394,14.0178522619018,-22.8559541135307
10.6312985242828,8.11666112269216,-32.5494177574185,23.1540453246391
-7.99567441154257,9.44282764939528,-31.2671334913702,15.6576152372199
-25.7126951397655,6.48177397981467,-31.3653209361886,15.5832653693105
-4.8187766636361,-12.8906129270972,-15.5575566048173,29.5389068200634
-6.17937165755362,3.45003064838662,14.1231884729665,-15.0320585395568
-9.66331627908912,-8.3843245020048,15.605888768369,-5.03289321877379
-36.5776909106675,-11.1670813565358,-30.7288184637372,28.551138365886
-8.62017987200472,-9.84965580652341,26.815611964075,-18.8331857716
-2.22854471677182,6.67303500446509,-32.3117976621697,17.643522032897
-0.463646271287911,-11.1194523444608,17.8987248230891,-17.3191648877896
11.4973054221712,-5.59433552403123,22.9762387531189,-16.6951304674792
-10.2701780549047,-6.13449493104945,18.6096448951683,-11.0337660220115
-3.1599427703091,-1.62630286821211,7.89584235890904,-3.31237069843205
7.18659276148986,18.9110356676214,-32.6614828217996,23.6798907316371
19.6817982238489,-17.8849748313101,-9.33067703900884,35.0220355356135
-11.7510051603804,-0.288484477000852,16.9982800419465,-12.3304602439907
5.20315168648308,7.77107506224379,-32.8507123557411,18.2464750033366
-3.47889695382586,4.11305998332528,6.34797003063227,-6.39813763017536
0.867084855140094,-4.26363234523681,-6.89960062996766,8.753395580588
4.55345638484688,-12.3408580939881,16.4109483515941,-8.96845343216958
-10.0782452585765,-2.10101596103346,14.417434877597,-9.3211388636273
-17.4906590632158,-5.33984984723733,-37.4010060704863,18.2836855778533
-11.7644731574909,5.89421649615762,-19.3131828310483,17.3019342763247
12.3977002660864,-22.7999792444804,-16.0735724355705,37.3798271710658
6.72348808222141,3.40215928772424,8.02491402422327,-4.49129430820853
-7.50224425552814,-3.22849464278457,17.8701153836356,-21.3596970579854
-21.77488387373,4.70167342356003,-43.8174319805764,18.7204093698473
-0.299000614670979,-8.73541339738271,-12.2201816963456,20.0147127827888
0.3196222269914,1.5300396557278,2.83216424917824,0.088733394727671
-9.73276708937396,1.5755039645752,-20.0579246407407,17.6707220116115
-3.89763055300251,0.274202464828383,16.0563516534928,-23.3850554952608
9.49322228299644,-7.93564619480417,-20.6948949397568,19.506134469857
-0.138971503042653,-7.20240503911441,14.3058616979704,-11.4855966686989
8.1700481793265,6.52888838203391,11.4893096827746,-14.4458663094405
9.85052904580968,1.63835723833425,5.97503008852582,-6.13669350246904
-7.95744326623813,-1.92993617249886,18.1447589300141,-14.2893511754318
-6.04942280899307,4.22859390956329,-18.3157907305974,18.5239804295118
6.44258603531398,12.2929215304959,-13.2397878413701,16.2260047747653
3.23783101785668,3.02676305587617,3.91289619431006,-0.963169697932541
-27.2810992778523,-1.59582013332271,-18.9258943847217,29.8787791223722
0.737688820129064,-22.0763442356951,-20.321370025904,30.5387765767764
2.92695893474879,-1.55726206684892,1.71441630465039,0.491007535290753
-4.08195200330394,6.07122864148046,9.1419406545129,-8.31781240120955
-9.11193549957248,-0.288970606144988,12.7010260096352,-17.6405231162312
-7.92921419282178,-0.131430272823092,-7.91631213847745,8.01099586250853
11.6208394275963,-6.40845301807901,15.3273382150243,-18.4767665326165
15.5687014625614,2.42639398388216,11.2245729353509,-21.6051508596335
-0.777521325512727,3.01862132831747,3.73299505141989,-0.938701391204108
-13.3527235130019,6.29053605785681,18.1426498698133,-17.3178128687536
-3.39099726001873,2.87195066944916,-20.0030038890483,15.3958560282951
20.2382719956101,6.359499641858,-20.635529012684,24.0520726533656
1.12255541239988,-1.36133041271176,4.64209776245413,0.527072312158571
0.335901597264041,-8.13767023586989,15.9081138220083,-15.4624301948001
-5.04737359322589,-5.59018768440784,18.8052675039463,-23.3569411582803
-6.07348652325753,0.722255282325946,5.24408139332109,-2.81008837738608
11.228894581818,0.542233489281178,-11.3267145565337,15.1568165135978
-5.48820967530197,-13.1583435970833,-12.2460907439993,20.15236526816
-0.804445828349611,-10.3770367442609,-13.3400053321422,29.6393399072854
-19.7610912383176,-4.95926854508882,-15.1895206720734,23.0791593412187
3.09524913068136,4.94912522293603,7.22489999319338,-8.33907915460209
7.67245144785656,20.8689775285413,-23.1962875081549,22.287616533257
16.0328313581488,-1.26254641116259,-13.7848002714184,21.8622748879658
-13.4058226658855,16.7188086784705,-29.7800451450363,8.32312994238399
10.2249769547019,-0.347906415986173,-10.5332572560716,15.3370468724592
-20.725726041095,-1.42226453340392,-28.7172771970501,28.5184951617201
4.39321986340066,1.38399502303307,7.57635829241802,-4.11956468430275
7.43187572319066,-7.02688602639579,13.7874949435718,-12.4704458468736
18.596249058734,-0.955778848745303,19.3885648735248,-17.0502433189047
17.8635747742863,6.62653124654252,-21.8428380137769,22.8846757825089
-3.69755032183603,9.72431419203263,-28.8929049907176,16.840532613576
8.39961597677367,-2.682586067558,21.9858716641906,-16.1172059546113
2.52824771923903,-0.0555992589182871,12.2724579963812,-9.66903387911307
-9.76426213550807,0.692304991692642,12.5533309296453,-8.81411640148138
-2.09196580463849,-35.3407076765226,-16.7295541584371,39.2235418854749
-5.97537780794165,-3.01599875927061,-12.0883582093323,5.9130724217798
-4.72993306969662,-17.7011708020489,-32.818210596384,26.6447872056231
-1.40679389887264,-21.8076092798661,-14.9651540566821,28.5124194963832
-24.353642217884,7.6890494854246,-31.9782804097348,15.4073348501737
-6.13003268728958,11.2287413620144,9.85872319714628,-12.494462035828
6.2716583858075,-19.5552705544336,-21.4181009785972,35.7053177334676
-9.37564383481598,1.46109935094801,14.6068085465515,-10.6441425620418
-1.29303077370222,5.46178789063059,14.3086428088447,-14.4846501493825
3.44986452205543,-1.38341266195556,3.48660123201984,-0.627569579986335
-1.32612568168669,-11.7019192720297,-26.2087900130834,25.6477589024746
7.01545326582023,1.65202553936552,10.5685620507764,-11.1607289889466
3.56026662813662,-1.0546916943103,10.3349864447629,-4.63888088524331
-9.3117076913053,-6.53525515902777,-10.0975231380492,14.3120671371818
11.7343187360726,-4.31903489974957,11.1576026487976,-16.5537846568904
-13.0446908667263,-2.74812445321626,20.3105101301882,-17.4247873016084
14.0996035108243,0.96661506631224,-16.1008119087663,25.2310592516151
14.4555244704444,-9.86565887247838,21.4883911841627,-15.5572811758769
-0.701322198650385,-8.58690168822201,-11.6189941686189,17.092278890051
4.46588801847081,5.35481383838929,-12.5850539638993,13.1317021209779
2.9636387393576,-21.6477596416833,-15.1160901624354,27.5886926710732
20.7274131834049,-5.06691981524787,19.4762771383243,-17.1894819167203
1.36298052622979,-2.73019679121043,9.1488752934949,-5.94764130974809
7.08152346124956,-12.9709809414674,15.7766020055087,-22.4403999944717
-12.1082135314539,-3.35168683115679,-23.5493190673898,22.6184210275108
-3.96704277202904,-0.038114595109613,8.52723600862849,-3.71126667719221
2.57671931742045,3.99408085474026,-6.55942622861046,14.4436639021567
-28.7430639201065,-16.2078381071904,-29.7952245965476,30.201597892493
-9.65028808059128,3.88420271695584,13.9076214479637,-15.4843628689022
-1.98158964885492,13.1840578602835,9.76887365798789,-14.3449038109831
-8.45495932396111,-4.61393173662147,13.8311390514311,-9.79734232223176
-13.7537155397505,1.91050184624294,-30.9928340878811,27.3852134666481
9.55233099604571,-5.69894782571564,-28.4446084725265,21.6700558771448
-0.0133955569277029,10.9645018996743,-37.5857657071436,14.8912454729102
9.01388239106171,15.0329089541204,-32.7703210083588,22.8186958952003
14.7603539652957,-7.44052611918295,-18.6372909205239,21.840304231999
14.5201163721752,-15.1625134782942,16.1275007394777,-25.0346185737287
6.86674446711087,-7.44705871879868,20.2363117330957,-9.4870264341697
8.71692804749526,16.510655422817,-33.6875995029651,18.7271646666276
16.3419749013678,-32.021152688102,-14.6313868653054,41.3357675952426
-20.0130703564177,8.15143942302412,-26.7984748682566,19.1989894743675
22.5636148367544,-8.65105057404602,-25.3839484187082,34.0730235098482
-3.24910215292836,-10.1789614335035,-23.4710914060665,19.5310750974586
-4.96137172295628,-3.68015828304492,13.3957807316344,-6.87207728245911
-4.38781198376474,-10.0954941808222,21.3433921266932,-18.0609806230913
-11.1550014075428,11.0680010526043,14.3189950735843,-16.5763249275621
5.20408851109339,4.39654488525553,11.1829043699039,-4.70120853039732
3.92108180040373,0.388786365896767,5.59463695544245,0.0245551868331789
-3.99245735462016,-6.55965129777902,17.7437169547324,-14.2955847919496
-19.0249436943308,0.762028239550579,-33.4576186530707,20.9392427498466
15.0072018612814,2.0042991826674,-20.3476384521873,25.0392627116768
-7.56971959442454,-21.2097079037603,-9.77233571556482,22.9038125911647
-8.40032951392722,0.517013611302907,15.5336169560894,-10.3980773270138
-3.1138072200874,1.63928506371953,8.69441714913058,-3.64738127192992
-26.1321341089428,2.67053546224233,-18.7858606068919,19.3568322201097
-6.72811056859359,-9.12944662422913,-4.63445659962375,29.6396565327508
3.97190708495941,2.44519256615456,-35.8882336938098,24.1046915743554
-1.57458645455944,0.29707990611513,3.31515227491853,0.282669648517026
1.23325660238761,-34.5291660375753,-15.1924217329585,37.3619532719142
-3.34064732459789,-2.20115376851661,14.4021954648647,-6.47683637145383
7.6759239508094,-12.5131597547161,-19.3753237373389,26.3611833419583
-8.30404709554269,2.33018792996607,-9.37981097303706,6.36615187030132
1.3569269488135,0.776876280326016,0.0500600855155175,3.37485417782552
-17.1406364374045,-2.04179760393637,-31.9049504917071,30.0327580614869
-8.86445770899337,-10.9243077466906,20.9054298589286,-8.5516896607647
-1.17679993249804,-2.92052309101297,19.3376743035838,-19.7305255656652
-14.5223242102359,-9.24084529502499,26.7227751198204,-16.2223094451223
-14.6739930548978,1.16071305452049,-21.7459121072384,4.59945670212999
-10.7325871467711,-2.15900334768735,14.5998099458415,-8.06059027545849
18.6782799737002,0.00752440476796457,16.4790619056613,-16.0239735436177
9.95411461608112,-6.20056419506143,-29.8765599421351,25.2436034159101
6.03545988794516,22.5058612276589,-12.2910344475302,32.4398448680638
-19.05339993378,-5.63585993556296,-22.9201473927966,34.2474023478802
-1.18201822354922,3.68085214461143,-5.0719842495835,29.0189304645484
2.99654032402133,-11.3609198233476,-9.82421855197948,20.3355738651409
-5.96852354899231,-5.5070119874367,20.7955062821777,-10.6590671512034
-0.468229997341369,-10.5316410744396,15.9775993580458,-23.4887563542839
7.99725468461457,6.66514992263089,13.6805439754043,-12.2962363569339
12.1824433117229,-12.0804705863708,15.3539591392531,-23.8363219806119
11.4484998221137,-2.50963713961319,-18.273498218737,19.3094651573709
12.518016830771,-7.4925370444502,-15.2286855453891,20.338783530645
-3.01807836698809,7.21529353050814,9.6344309433086,-13.1054666920327
13.4150199866536,-10.7731835182154,-13.7178393217382,27.0306665213722
-2.90467435186843,-3.99285056199734,19.574348795528,-19.4233585234087
7.85359677272774,-13.3687268560443,19.8408169352083,-20.7583673830424
-8.25639517622895,1.13508673848752,-18.0513018948104,16.355296416837
4.06952112036885,16.7945070183157,-21.6991299921542,21.5567106312509
3.43194773090041,-3.82355425824719,-27.755942039328,26.6971434497922
1.75153780327334,4.62545300358634,-13.8826953413176,12.7992594762843
-23.6768074284644,-9.53865247238585,-11.5178288788832,34.1928097529643
-20.2408425690696,-8.62950983316321,-17.185916912057,29.1738551754394
0.886888308180077,3.4418953914321,5.17289902835228,-3.42656501288533
16.9340721596046,-0.563616516931394,-17.9611300766423,20.9798263903918
-2.20011188068214,-0.0235171937639041,-2.24618785228168,22.4814566689638
4.29465495346278,-10.6248159621746,15.6701889396299,-22.8381428013312
2.17995668555817,-19.8246100887052,-16.8406040927666,25.6124430239626
-1.87628426418696,-5.4621910970647,-2.4319602746751,4.94622450045882
-7.37154288703781,-7.56669735327587,18.4482686312527,-23.6431276864886
6.24114195837584,13.0523945071587,-25.9258749677745,18.8774051818046
2.83109551070339,7.68167076790596,-18.4790411906702,13.7622864380121
8.95591737865234,5.49302892473425,17.6073931798975,-15.8033239642295
18.5717599910108,-0.141936847523556,18.5498974138082,-17.2370228204475
-23.5955279787895,8.64515818818657,-29.5309503628485,16.3248862678278
11.6911559767738,-9.86890621877655,-18.4353176469078,26.0795990894135
-4.79938673198151,5.76343562935487,-13.1439966025569,28.1347236436044
13.8044979182633,0.740918987035047,-18.9046087161814,19.872843004338
-0.21969296005394,-8.92147703888408,-5.70971280697782,16.3291492162985
-20.7686212697556,3.5478684111845,-22.7040639334683,23.7838750639829
-5.75238495201781,-7.12379506248258,15.0560418472007,-22.1215575988911
-0.885672770316903,-3.5398439978461,10.0153602148159,-6.15400519673945
-21.1769395898838,-11.5199903972316,-24.5764479644839,29.0158287223406
5.5471968094742,7.95382185257992,12.6678596990499,-19.8161516153744
-43.2675462213841,5.59243897529591,-43.3780430262191,17.9265158435817
-5.50523694684908,-5.58069679174644,17.5561606379596,-21.2469995457837
2.29770620558209,-5.72995175964237,-29.0120717542918,25.1980701866501
2.53898918606122,-13.0768235018382,26.3224383813338,-18.3286576642337
10.7674665963757,0.605536678739406,-14.3015765404787,18.6707711864073
-1.96017718832986,6.94686914680549,11.6094977575228,-19.7781744005271
9.43266163335415,-3.79442703663713,-14.5944884059341,20.5022355921584
8.93623803694178,16.9345348999594,-29.7936495941838,19.3968299314712
10.0858007050902,0.296348853947856,-22.2661638610975,17.2861683522642
0.34434039073679,6.05759920739791,12.3380004467144,-21.3171233147443
-4.50364789455165,2.02379371068204,8.01556660407923,-6.93069520691512
-2.09512228297349,-6.24596812385714,18.2100659491019,-13.7242337404954
12.2997441929499,13.6874447086716,-35.0818753965564,23.8537587273161
-4.588782707997,20.6077809403215,-47.2490472783205,17.186016595509
4.92351695139333,21.1425042734139,-37.6450207679451,20.0242512513986
-12.9854825839448,-16.8017979135271,-12.5088393416886,44.8631996648785
15.5574049915442,5.55775786850317,-19.0015904135454,21.5705458734382
7.30292364160873,-0.913223467015995,-13.2722617509971,16.378816026238
2.65614142775714,-5.45004707593631,13.1657880004769,-28.0013108556753
-18.2189387261666,4.47648806318649,-17.0787119551776,18.9494779637925
-3.65538242796774,0.374848602154738,19.0102335561105,-12.6224891037712
-6.44693775323283,18.6026530480243,-37.4547777305003,13.6756684448394
17.7718736342642,-1.14084595873509,17.5067998931192,-19.6259177412085
-1.05999026848963,-1.65547548108408,5.02140162393558,-2.15806539194776
1.38210214441816,13.9341405190283,9.17869793307184,-14.3688133080817
4.98475832983729,-1.66028392877821,-15.1899859147999,16.8772929639665
16.6895989567482,20.0758317836347,-29.6999008099621,28.3629225430749
4.32079695870581,3.53124156475629,-21.457085088779,16.2374152001225
15.3215926656932,14.5477659775574,-26.6761580804078,25.7941747977974
-6.97799040712529,-16.3241636327368,-6.47791851973226,39.4555828219041
-1.03353498076533,-4.68158176083495,-1.90909747861682,5.80082907158502
2.05154178121491,3.70650628268165,12.7579448145191,-14.8990704332367
12.6975966889431,-2.61906087453166,21.4412987421517,-18.4005741217396
5.03180110757287,9.86374865523562,-32.0244473190472,16.5949250580731
11.0583217062199,15.6605422561039,-28.6464016285656,25.7216565222493
-29.6110092880163,6.69338603571916,-29.5662858660979,30.9064091564933
9.85165811006269,11.2776432284317,-21.2465054686013,18.3093601908113
-6.71416879245743,8.253435218117,15.5618653486519,-18.7645659676174
8.26040200024959,9.26778193554207,-24.7162816979018,19.4885982092397
-4.41062006256978,-5.92179932814208,-11.7913495363012,17.9560583933942
-16.9119883427927,17.3673311705938,-52.0386695662149,13.9011574419341
0.477540117750994,0.234386762191799,-0.639418400242045,2.67073255494434
-2.34149072938581,-16.7662771456731,-19.5999528360349,23.5009950232564
9.65982725016963,-2.36927850564966,-6.41289464867631,16.765265837627
-12.5340731953605,-2.50813805293759,16.7133783103928,-22.0464664092167
14.7171033117138,-0.143349230501106,-11.3505299650649,19.9742649468416
-7.73493544320793,17.2399813102602,-35.3870996600308,24.4816576968755
5.61310486973741,-8.80312237069174,-26.0436149449092,26.5394994605439
3.69722243253225,2.40139294349563,10.1857252474714,-5.99497491733496
-9.57501994687185,-1.8290352271197,16.1117020770291,-12.8446091003907
-26.8423584915634,7.96158726234019,-35.4171848958237,13.9409772940388
-18.1412272988349,-8.84410511642166,20.5268937161404,-21.1345954511226
-1.83455429462209,-4.99582706496759,19.6417596446782,-21.430645237496
-3.45839090520887,-2.74219537348475,3.7767418860253,-0.615127653677185
-17.1433250338546,0.283920546943017,-13.3528976064336,25.2829977226329
-2.18547354998467,13.9239775787382,-24.8498864376309,20.5881649446582
-13.0351568979704,-5.64666146957006,20.68115884747,-21.0719894894045
7.62798462593225,7.37291177256539,-11.2965037904077,13.9333001494746
-2.4860141319176,1.83093870095347,12.8123016950531,-7.86233007522552
5.60052596893982,5.16451612033646,-20.0043469926719,21.7024749446146
-13.6394208078318,2.0498293581679,-21.9091608848299,4.85018641645603
-7.14354232438247,-9.05441399861974,-20.4940788489152,12.3611571524993
12.3121356943721,1.783982883843,-14.4511667668308,19.4767362593245
-0.280029329387903,-3.46977337033414,8.02444655670072,-5.52440698916576
0.0758611400576716,-2.03692357210263,5.8042023224187,-1.14254961673859
4.14777812067929,-5.69374109812865,24.6473597347269,-18.4033290605639
2.28802240974614,-1.44933275389983,11.992179972582,-21.9684008544519
-5.78644590658592,14.6181091852272,11.3858970750093,-22.7483215006384
-15.8552039965476,-2.20695479610382,-17.051463934918,9.64384457539822
17.1588210876185,17.4505585616893,-28.3415789096004,23.7768077817517
-3.82233854294479,-1.36545753225383,7.26437586960714,-3.17332681321189
-12.3874662022921,-0.408262536867185,-23.2793256613381,16.7864032303927
0.463643078499424,21.2714144044157,-29.1903258197182,16.6373789854448
14.2630776654214,-4.79194475373028,15.5718916852806,-11.952285385278
-3.76658089630485,11.0642483981689,11.9588865487463,-25.3126973580551
16.7214726085582,-3.84683823688447,19.5067593276954,-13.3692941532488
7.44646926011889,-1.2542189183923,-11.2970281597767,15.2325609131824
-12.3337322881435,-1.20990311502221,-12.0913771000794,10.4985043130014
-3.8619441625943,-10.2765714006759,17.8266697424483,-23.2933072098866
-1.22820269386471,4.15782635243849,-16.4430990520779,10.1047037174019
13.1386575878318,-5.58047472058344,14.5400509474084,-10.237154116131
-14.5575554499141,-14.2631477538667,-13.0631292817082,36.013391868091
6.69074627873997,-28.747620445207,-17.2964038099629,38.032764071549
-0.750988853671894,1.33246830791268,2.87786351434311,-0.401462311800189
4.3745649747336,11.4991275381704,-25.6999662338434,14.4572418335314
-1.70815668753834,-0.599677612626395,-7.16412764825805,7.03891150045605
-6.67486736636018,8.97357270443282,-37.6604402720599,11.0773588507085
-7.93406304274938,0.287403663337576,8.75199399943006,-7.59741915393995
-3.79919952855076,0.58046719730942,-18.0281593319765,11.9843429203222
25.5109889913378,14.2691822899535,-23.8872091952734,30.8685550688584
5.80957205072896,13.7184513996285,-35.7479801972763,16.3370687897602
-6.25577409430473,5.8718514593355,10.9180242656534,-10.725724056979
-6.22363343708331,-9.19980675424563,-11.8159848593119,37.9482846062277
-33.6943446659016,3.57670311682839,-32.6752257828307,25.8839254260165
-3.15911949865734,6.37644429826612,9.81817859599806,-7.92427950206418
8.86921572381455,-0.108086434058582,21.7746119862748,-16.4874187398606
-6.21824517011417,-11.4026024399034,-10.5790866287044,13.8020714248012
2.34865476956163,8.37395858002593,6.80287140878234,-6.16163456175321
-15.3356323325059,-1.49473224193327,20.5030820517481,-20.0000588429012
11.9450447606106,-1.33811050374884,12.659382385394,-9.43573939280656
-12.9281794358582,-2.32698480289828,20.635192112683,-12.827238019807
4.60166204084262,-5.62459406604075,17.9262352119098,-11.4166021254335
-6.23053758734986,2.94936784823919,-41.1273418099208,20.6808239481551
-7.02032783225363,0.938977652821454,6.9192802232723,-6.9465589515035
-0.472066982167201,4.21283473176015,15.1687608401059,-19.7137274832599
-0.639391124495891,-13.3737527975098,-11.3705776516474,21.939406313393
-12.4610251558569,-6.28037951065542,19.6635571713324,-22.115107207831
4.43538458473456,-0.505274514345514,11.3100569150046,-10.3719378769626
12.8629586231105,-3.7896906336955,17.8548641235302,-16.79183392937
-8.46934792209295,-6.95773228032805,-25.1416182233192,33.0757047011959
14.1922409040968,-2.24840511200217,15.592122773709,-10.2848551853758
11.3862752420208,0.827510081624811,19.9073213153848,-18.1401566429651
-3.46226065924808,2.1577790926559,5.29610000904461,-3.09343983834605
-2.16078556526735,23.9453395184702,-21.3804038763044,21.1289830889238
-2.41279710168849,-7.79339006133034,-4.78751454494638,10.5751415011254
-4.14141905620219,-4.47713081979959,18.7960160130634,-14.0061820880639
0.244387462573275,1.48808763650504,2.26634935424478,1.80268990703246
4.35609441584259,-5.80260050538994,-27.5913481084961,26.0773615963281
0.755771993732213,-0.706184876798712,0.0957536920675973,3.98721218414408
-4.76911557162162,3.32856896591489,9.41721909516387,-10.4447584089142
-25.5561502620308,-6.00651182176073,-17.9957019736837,27.0874079367866
2.45441046192641,3.05702886022691,-19.8650875399198,12.8306928317205
0.131335320926301,3.03271345858513,13.9469764926579,-14.92045004522
-1.40111034282845,-21.5983063503748,-26.1702957895002,32.7620971635803
5.59175859941499,5.05317597851942,-26.5941837302497,23.5858624050219
-8.48011879865436,-1.16038631485169,-7.22795126746271,15.4750277397144
-13.3050091771316,12.0165657960337,15.4194267966303,-19.4625596093691
1.14466519617756,-0.00494316052272295,12.8595129761966,-17.489227083268
-0.0225956086594145,7.55568493200907,-32.7739538756279,19.0170196999005
6.34917095174137,20.7548982468968,-22.882549715365,22.8590050148842
-10.0352189543557,0.404655513244078,-13.3264325333328,6.26209775328446
4.63283178941021,2.82873721118343,9.28860464270897,-4.23061438241695
0.357651831067423,8.3396986819688,15.7189571818053,-20.1427585325454
6.24020659286953,1.75797617514203,8.31182688145809,-1.33308153573599
-13.8243637155382,-5.19538329026594,27.6760404531605,-14.9270076833904
-29.5639874218415,16.1126950329912,-39.564394638573,21.2852767089807
-3.78159874595047,-1.64310874049236,7.36929045234168,-3.61204435437465
12.7774726383526,-1.74593929854239,-11.1141082004236,18.4815965195818
0.240979381048274,-8.57023625290074,15.2033844034688,-8.68592843247972
0.620268938264632,2.80441106499613,3.51547322893156,-0.793841943325462
-5.38610791358565,16.1957499720259,12.6128586568651,-23.1996246261515
-30.8926089204665,7.51450352068313,-24.7136537821888,22.3922845810523
-0.927984085236193,-1.26079279480041,19.7358151816885,-22.2498199438435
4.57528300587492,3.92782809989419,12.7045841584078,-5.64571352549536
-0.51162960515807,2.12689615915572,3.20001416566536,-1.13001405720961
1.53263030059296,4.64858484594101,4.20796528883127,-1.84387393448255
2.82888159068633,-1.76446984187327,-3.06266434277962,7.15511963330117
13.3513278708336,-2.39069014414376,20.9073108190957,-19.7362980250556
0.973287996210666,-4.86780674516857,1.40950936648779,4.38557676225209
3.90537329395695,4.14155908375395,9.9265999212153,-5.84206248722293
-9.83603373004991,5.44680073990861,17.7290303529383,-15.2110094758474
1.84338577173276,5.6590691224464,11.0133101798446,-21.6882193569925
-6.79621804772861,-3.07964529462838,16.0605299661354,-10.5890567933273
-18.1318664282996,-14.9859400431571,-20.3678156818606,39.1564009482841
16.3059572262423,-4.80529646036494,25.1184391513861,-19.4832221126829
-3.08152756734796,12.0275038051941,13.5876217444247,-19.0479739111768
9.47860972579094,2.16848260758003,18.5791713902359,-21.9152651038577
-7.77330635813601,2.99538986719692,11.3004539645349,-19.1695679455054
14.4509864818485,-2.73476760512808,21.6420051779294,-19.5180618612787
-6.51410119489643,1.50189732887445,12.8037337404454,-8.55483747611546
-1.18959169891004,-0.7814009000544,-0.782175818678307,1.57453247959415
19.2643941983674,-7.05124950526277,23.7697359802094,-20.0401991339778
4.87509600559817,14.4228627645623,-19.52284472428,34.8353458864958
-2.50861717307678,-10.6498578516835,12.756348813784,-27.0284100532574
2.52103833562884,-13.203124085425,22.7270198508463,-19.055570443955
4.88551825047418,-6.25603513775873,-11.4625223516842,19.1525837699157
8.34896968759464,1.07729226576943,10.2689013167113,-6.80602012492903
5.00575246856351,-11.7071807775804,-2.25461675180931,33.3869937228979
13.7776786139352,-4.29059176851452,16.2188329790671,-11.0499641559041
15.3557280846899,5.02266534672422,-26.1328366425568,30.593339764641
-3.69050207719039,17.9436476968694,-36.0031043399029,17.6630846858607
-19.7037306866328,-1.36842721055239,-21.2039035681175,11.7270014964428
0.280389161981309,8.81028798225536,15.142431838985,-13.9134621680089
7.09150963007676,2.53864938562039,11.2266454704064,-7.85811371649555
11.947729661599,-6.91337760368499,13.6157785916189,-13.7283809801606
-8.69839568577141,-4.65510079720199,20.4557565611928,-14.0513727203113
9.44325219081876,1.65716094646363,12.6039920761078,-9.35421262873003
3.95417160936892,-1.27748471129577,7.88964030794297,-1.67865955907996
0.595860910129421,10.3496671093531,11.1196269440138,-13.2172114059717
11.9408012585809,8.41858098165368,-13.2895897744665,19.054691693154
-11.3571732719159,-7.42800913509057,18.5304923041983,-24.7969893753712
-11.6968265222231,-4.59017307424772,16.0925209243747,-11.87077158274
-6.99959372500704,-7.35766123410516,-14.7530937343539,20.5994810649156
-1.95420248018002,-3.89710762658234,14.878412194489,-11.6226424423467
-20.2140582407647,1.84782091436674,-26.3746417317016,18.6988722315346
-12.7457223890345,-2.87978348882258,18.1606075562864,-20.4796501464573
-34.8165673646675,5.82545799058703,-39.10398608533,24.2924111028355
3.23259014766516,-16.5121131899468,-10.087698411704,23.3632050790214
1.685442635511,-4.05248750054912,13.5972889310347,-6.2804755491498
-0.670413189767939,-1.38862137874123,-2.70397192990396,5.1277834645261
18.1823838140417,-2.56639569664696,-22.8711425528338,24.4827065935651
11.8137092064921,7.34807237588131,-18.741377129215,20.440067376235
-29.4724267024222,0.794581002036233,-37.3614321970218,21.0787052283271
0.942205758911647,3.790228385924,6.61483661628964,-0.916400271955626
18.5817285598875,-5.30922470624719,20.2865895118647,-24.0495599320423
-4.29704760852884,-16.2805034743927,-23.3018938946154,35.1933366946638
16.0720116703602,-0.378401946668641,14.7584267035769,-13.2665315129972
11.5143532524863,-5.66416797028267,23.013643816509,-17.1053346507584
1.36077872567903,6.3863687181348,-14.2233650872166,23.5849488354005
0.212376467509373,-2.31194480299679,13.0781527611871,-10.6850741850752
2.08758870946777,3.20521320306724,18.1773622044522,-20.9419438136984
-1.98914808101558,-11.2161202856584,16.9013653511671,-26.6472768290449
-17.475757958168,-2.8838866878891,23.1440799661132,-18.4817543733928
-12.0901440301978,-9.07268512176398,18.018397229767,-6.07499226958292
-0.419165764709015,-2.05581122451324,14.582371031852,-25.1001341546786
-1.24254080686193,11.6531294850322,11.1078739467571,-14.0848136990114
-10.4186315860627,-0.358011550562632,11.6282578913032,-6.84852472515072
6.99667325017176,-13.1549272763367,17.1562465414192,-22.312126531887
-24.9312230934744,-5.25751147733429,-22.8945989501993,35.2384169197882
-8.70131418179166,4.14782686860305,10.7921425541126,-10.1198735134678
-0.793609915935074,-7.35860081545293,25.4144707253611,-18.4429894215972
3.67734131012088,-21.956945342569,-17.2658951358498,34.2842004086162
-0.0881768404387718,1.3923480627232,2.27772516762853,0.258626517700586
4.51119522151248,-20.5469091137176,-23.1312062556803,32.9951332733565
3.31485254540528,-12.0033779545943,-21.3675742944866,31.3204960298914
7.71225864015104,5.05889980206734,12.7772934300468,-7.49205488182936
-2.55471458300682,-8.12615995428304,16.7469132915635,-22.1998658829503
11.2765358047857,7.78182101229688,-25.1958234164415,16.923330711269
-1.2665663419322,0.00888138047790532,8.55290911524921,-6.0861878017907
-3.93327745497185,-14.5000783768366,18.0834515142412,-18.7868361484219
-15.6092890801123,1.60827300350554,17.9376977177639,-14.9286561913608
5.31272309767134,2.10251270295059,5.87361318045665,-1.79313633448416
17.1342942774312,-2.03189507035467,-21.8707235196675,23.9517277658615
0.408851567222543,-0.560836449376043,7.72833058096548,-4.98988486005387
-15.5683629366849,18.0954095153234,-47.485997844204,16.1629742918859
-23.3770390270587,5.36530576553811,-23.6888758809628,15.87216728284
1.11567916493331,-3.70380752691944,-12.9434175283902,16.060447163016
-11.7270801590525,5.95325046113718,15.3557761447482,-18.5889665408691
11.0668055936652,-4.6867958940785,-15.2564960865304,22.4318884923916
-2.35659889173156,-0.908603673367116,-5.69176098513023,7.79157629275589
-1.92140560770251,0.190340516883246,-13.4568255458822,22.5500141403663
4.0831568858943,0.144532681219451,-32.6654368110982,17.4088602771244
-0.655054641520904,-12.9203185804616,-21.765965280997,36.1569749171365
3.37219323842828,1.75449260254158,5.34301623334529,-2.94365903812468
-18.5738051694762,-3.00124619761929,-18.8941172845876,16.9807251897776
-1.74397799823591,20.7273382623476,-33.8666747928942,21.7507811692409
-14.320352411693,4.9662640866064,17.0901567957223,-15.2869335187418
4.36550347749628,-2.72200081868356,18.067211648675,-20.0469646742931
23.5761513435719,-10.9858967353575,19.4993683285973,-19.4037112473983
-12.7955034455595,3.05828587732729,14.295401341848,-8.90600411178068
5.22209438860573,-20.8936195516983,-16.0597866954773,41.6799406716408
-4.97690131417431,-0.694488990847327,5.77823985542749,-1.96725245027618
-6.41359230885544,-9.96061541191895,24.0491256234902,-12.2088443772773
-28.0067708558329,-7.00676956334149,-30.7435525727323,16.7094357694037
14.194554137219,1.62699120217082,13.2687304939279,-22.81482935196
2.20628250703837,-4.59319153293654,16.1634670870372,-19.7562236975102
-10.8682225132678,-7.56850763628821,-34.7803873425157,24.4014204169217
-12.176598250124,-11.3500371163078,20.7036465269833,-18.4931033181807
12.0744677617726,3.02844872200054,16.3496338675105,-23.7324334947421
-0.811635314026846,0.432915922520286,1.30141992967163,1.09054365990881
5.19277507702024,15.533116808323,-21.3099791858268,15.3627750397397
-2.83757247139493,-1.36594132097673,1.96772250485532,1.79924777513512
-11.2176383410813,-5.89558186831702,15.7377841773599,-26.9841854197759
5.90744184949274,-2.77501852103657,-9.81292325047811,14.7189157493432
10.3716054023912,4.72216171258406,-24.7828709535605,19.9686539689943
17.9058209157348,-5.62222185445237,17.3564028812646,-17.1170237228047
12.6002731362791,-9.24277210511383,-13.5948429005388,26.8460981944513
4.24369907675556,-4.96406506182082,-6.33559160952357,14.1334113991326
-0.815106305343368,1.24944989352484,13.9741010752449,-8.97967975722984
-2.1829293887652,-5.3543875760418,-22.6464959281269,36.2756126328775
-21.2305392492664,11.3470210240258,-33.7678330529198,22.0144612492007
24.9809161404186,-12.7065048884916,-21.6721474942605,35.4725528329451
3.80864516437479,28.0238659076839,-35.5487892186687,19.7822763650835
-15.022625853158,3.99654215478271,-32.2277758218669,25.095655104157
1.68815235732071,7.72246299612818,10.9954611851356,-14.7196906343827
7.62904426491584,4.60945293013807,-33.9640299557316,22.7644703803223
2.20240599631103,5.9320872226828,-8.79633414252809,10.4564314589786
-6.63583096264455,-11.0983256345559,18.7977523883848,-20.3672193178324
-0.726395529707072,-6.28545430106287,-27.4321638375432,32.4070566078192
9.31414830160641,-3.56485143774189,-21.6913708308647,29.7321586387259
10.6466886917443,-11.3880644729203,-16.5647473827551,26.9528120737326
-3.37058590700656,4.03129346579395,-31.4133582806388,14.1453556367275
-4.60235176637879,-7.13975761281831,13.8611798445173,-5.54073647534404
10.4462098951582,9.56014238508923,-28.1502487908344,20.8407902293758
-17.8497753240441,3.82806010340504,15.0841818243946,-17.4391323320551
6.82810199583794,-8.09798642711332,-32.46087646798,25.2417995045007
1.19691759061699,-0.318195213163539,2.02761050830993,1.15221602958549
13.6198589367704,-2.74633958914424,20.3043267210501,-13.9800045428698
-18.9598255209662,12.7710104557979,-38.90270191538,10.7986895958929
-0.84382199961204,11.9289005526535,9.79994410994953,-13.4771924621811
-19.9802303119191,-6.00459246882944,-13.6769483986667,31.7438334817805
-14.9525353527011,-8.98700257820527,-31.033401906842,26.8046047822296
-18.7447650086333,6.33415371313536,-28.2023360687575,32.8951290232012
2.43057943261927,-2.20177216586139,-2.73937752689512,7.03057147949698
-7.02150522614992,-4.88130895202842,21.8092576934892,-12.8052857248135
-20.4775027652197,-1.70984714295148,-21.5919641780217,23.5127932007664
-7.72343766400122,1.33738535611629,-23.763847723334,11.8253261840209
-5.42719880572523,-3.47617249714142,4.93985221900587,0.122654342927216
12.7630058176364,-0.878250046706809,13.5076763753629,-8.22912782218697
-14.7036896110702,-1.31693247721059,24.0090031188551,-17.5061469669457
-4.88356135723475,5.3441642039887,9.39621169858688,-9.74206837002515
0.852177963896281,-3.60404070278945,-15.927045411606,20.7613410404745
5.58319016650787,-11.0683806124372,-24.9410040611756,22.5777957976204
-5.59572136736744,1.5567389386878,12.5316407822352,-13.1407110399962
-5.21417557840538,1.98597699645585,10.0292099753744,-4.99056575663558
-12.147376568378,-4.84663004383011,-11.404316373734,14.369705905765
8.74785963626956,14.8809526690765,-34.7560641054318,17.2897417636882
13.6310227569321,-2.0172693492041,23.4790772641504,-19.411277895765
11.8924006624044,-0.368322336852649,-2.64706602155458,14.2666614662803
0.113017224408341,-6.1012388889614,23.3657104584578,-20.805115126711
-0.741688945143315,22.2774970255244,-28.6433564955856,10.7354184922627
7.10440738141125,-0.244480750766725,-7.00617972485699,11.741708937682
0.470392572852798,-3.15751293116461,14.5052104567198,-26.5022437323491
8.5420759696943,-23.7050300588527,-17.9526394773722,34.1722207979742
-2.49790208617922,5.35290008223855,6.66300589395072,-6.16655530012029
-30.614328106703,16.3470859443828,-46.2331270421559,8.40910464986181
1.67128052212174,-8.72237185587462,-4.74802542012289,16.6110213742265
2.45530832727011,16.8120679807144,-35.2088292187798,17.0274711320468
11.0878834899167,0.39235681947955,13.6691415614673,-10.2351155240966
1.84210372044519,-19.6807656242115,-15.2666948460578,27.6758993718049
-6.05585602243753,16.9855072655707,-37.1802515081116,14.222700132414
6.04746099283085,-1.48442407368949,4.40103075911857,-1.12941918653255
-1.25269876768964,-17.3109837861939,26.9250138069817,-16.0932916149484
7.24587195799295,-5.54747203769675,16.894554638728,-17.0374905501421
8.40697292591783,-9.81144831162365,13.9183698998574,-24.1065229694212
14.7262606377611,-12.1113045571064,-14.8502082263225,27.6008150637125
-2.10845316001682,-0.387324866251137,7.28625067729336,-3.86035416212146
-4.96786487957815,3.51050435381378,8.38236676197418,-9.97658662162148
3.40051722186474,0.475870526047126,10.0813961476246,-11.7661765404253
-2.17944024101271,-2.67171726475177,-3.71345025190593,28.5520844498394
-31.9718012497925,-11.6255865679926,-23.5970711944727,36.7149976115556
-6.95098018729001,2.55950181677766,19.1016030248988,-21.3800727334821
3.43208806865301,18.615342292485,-23.557888693549,33.3426479032927
-4.62611312429786,-12.3249731426694,-25.2402688801196,21.6162104571489
2.17298666678897,3.25587771900943,-24.2007242950108,18.5048500102654
-8.96935692824126,-11.6666886097559,-27.3873476056929,32.7107298104983
12.8461179067044,-2.91167305410506,21.3723641317962,-17.4846873936469
13.9148856585798,-3.36792964108695,16.8057281306486,-11.7229248851649
-3.56859078208873,1.0168490387852,12.5842390821301,-8.62767381267611
-31.8748955388148,-19.0018174161375,-17.2673804752925,42.4529884490973
8.06667738964987,-0.371414405187112,8.69308912944626,-3.39815029648193
-1.45725873153323,-3.05009559371975,-7.04043535776234,8.1609963975693
-12.4621605547371,-13.8032378496828,26.0392190646448,-13.9829397716548
2.29681014208918,-1.59141766698828,8.32073597419871,-6.65351287873044
0.318990649836876,1.24270868259918,-6.09558074891295,6.87218075732627
11.0900194103667,-3.42210966472053,-15.2530813793378,34.3683192899571
3.83912127108521,-1.99863562066297,-30.4848887725711,24.2552282666361
-4.05442644042332,10.3769339069054,-15.6184637736048,38.921870791751
21.6096191529486,-4.38753698542696,17.1511139101018,-22.1926650336083
5.55014686977976,0.528073834991063,18.6682396106951,-19.7409530206927
2.58976298396518,-8.26792687948989,18.2392004098238,-18.9710242541421
-6.01670245642119,8.46398548476546,-16.1836229710363,26.6767346541761
13.0428540883481,-1.75858257650101,16.4058458783575,-10.1258483250946
3.08488664839389,-0.533549746126987,-24.0692534345856,26.3697294552181
-8.56446598491244,-0.569061984601194,12.4603211884961,-7.1086929454099
1.82576393696621,5.61651176387087,11.8128775759608,-6.40178596194839
0.908863469265056,-1.41676780487271,-10.1311360707228,7.49406890541552
-4.99174868099899,-11.0823814668527,16.9541252322994,-22.9215911927227
1.10692792133568,8.08296665835086,9.57524458872985,-11.5961494293337
5.78947866491093,1.52045623664947,8.62631491068264,-3.50707870381585
-5.5746882939905,-10.3919933752203,23.4239938053239,-17.1741181461436
8.30891353488512,-1.07918894935138,20.3505074534868,-20.2214184895319
-1.25133121153166,-1.86383094476054,-9.79735733737806,15.0961255016847
22.8064327269048,-18.0660294735354,-11.4508325161069,35.6921581338966
6.74026690881923,-0.126294517073568,-17.5211517798066,19.5694230361971
-16.9560087952163,-0.230547763245412,-29.1874828410443,12.1303749905471
10.7141838107736,11.2971000815108,-21.4032467553008,24.2099222214974
-1.46697988146473,-4.67796486024223,14.8391464798503,-12.6244320762672
18.1959044801495,-3.33779584615583,21.7607785773538,-15.8787273027395
20.0256399482395,-1.59837677128777,16.1039852638181,-18.9188577077591
1.25074720726001,14.608780753116,9.45270454963384,-16.6609077058604
-4.28759621466995,-2.03323506844997,16.4062725547684,-13.2167706371252
-27.9474648225585,5.11446477701655,-31.6368933290711,23.8081283097327
-14.4212589264879,-0.492080179855667,-17.2752730649908,22.5690210084699
8.74117942103914,0.859281532821803,-8.18486026511609,12.6998441083336
-5.60345158812085,-6.34820622191987,17.8589712563933,-6.07663952468772
-9.84981058711714,-8.6657591514629,-19.1397521640091,27.8365836492854
-1.21756554711822,2.97478419733632,1.67734900244326,-0.665076816337895
-9.08169009802364,11.0057388220722,11.8951125354485,-22.8933885364038
-5.18567243609983,-1.86970206035996,-14.1830519555258,20.3795549624989
-6.79705112684909,3.01056453029298,11.4330629401557,-11.2083198990546
5.05297352808334,-11.5374076839647,16.5083307638432,-18.9298201175904
3.42775054648763,4.1558687777365,4.70279057803868,-4.25964959607034
1.08316243986382,0.59452099921107,2.15102477574965,0.59721676845177
8.57768353796808,1.99410597081015,13.6714881311721,-12.5949863606475
13.7181337122547,0.676470265898426,16.5803151319284,-9.9538880792627
3.31048019082508,-7.00510650664639,19.3190196364574,-12.0056148537448
8.14564686994252,1.36161041248136,9.0448094609918,-6.48020253841831
7.33339080885944,-21.7144731277454,-18.1033914179386,36.7361371059257
14.9231243422612,-0.962211141830787,-21.5035138530057,26.428250843591
-5.05841570824774,-0.755878796161984,5.65098711006388,-1.66915813958572
-25.0999424764491,-8.43534292103156,-27.3580149585659,24.7133146717078
13.2414970559254,-2.20673375277749,18.2836041475128,-10.1231873299211
12.1743950060541,-3.03626931857668,20.6864246508032,-14.9467077769113
-19.4342572975472,7.06653541547085,-32.1446217997474,10.321585429476
-21.5412966462695,-1.95984710948658,-23.1582858664143,12.7661005694056
6.43805773584185,-8.05111630781322,-18.1441273625574,21.9531012097207
3.95339413576499,-0.746309977586287,15.4770726656649,-26.2044019449784
15.5652064378739,-3.64087054955664,16.7292483268334,-19.8149288669805
-11.4222558014283,-4.32134993143839,-36.3577759181595,16.7144255353297
-7.4476209528171,-19.0693660504317,-11.8103547835143,20.855214428029
-10.2921446548239,5.8655400095076,-35.0933211426693,14.4067338179416
26.3713938696259,7.22610952173735,-23.1113932671288,35.0066790995459
-5.10003863413566,-3.12151941632056,8.28682234656449,-1.10073661625896
-11.524028502773,15.8407323938765,-39.8283227312614,13.8853584481527
11.7007898454664,3.94616749704659,-24.9836967856819,28.6491906510341
0.217246630953819,7.23505726589498,9.10358136497714,-7.04762789554362
19.661894190782,-1.7530614532273,18.1453967655204,-26.0057113957422
-16.7673900085974,6.78222500047431,-22.1847053575588,16.4021329566215
-16.2654020731951,-8.40132934609339,-16.0885368197631,28.4945235303807
-13.2322428328278,4.66828603517156,17.8182453722774,-16.2255964388713
0.320335254654701,-5.72376701344692,19.7147469094239,-16.3545325916681
-30.8212299753787,-14.5975704914372,-23.2357451991322,36.9090607289018
0.208344611339611,-4.10103788142895,14.4952305861667,-7.47782213768024
-11.3013974994845,-3.61614134223347,16.46131531521,-12.1516270617246
15.4550186164031,-4.23978365361391,16.8726859972367,-10.4249374328908
8.80102036590774,3.74748937521119,10.968305182601,-9.77257276144798
-7.21181186175719,-9.28063592037857,19.716519246442,-9.99580881243658
5.98224886152139,-11.4300544080612,16.6464633191497,-23.5441981219106
10.7893416702342,4.84479528806498,14.0136674124926,-12.9988753479819
13.9358021196176,3.76881055366617,-22.0113325023137,23.3899939877443
-17.9627540679813,-5.7163385339226,-28.8597395778221,19.7835605020892
0.152699132719796,-1.41791530263175,1.81642293518907,2.96457437236878
-10.5209493738328,0.877955432724498,14.5309002072396,-10.2661309626618
-8.81913775973667,12.3848810779075,14.7599082474831,-17.8987751118892
2.11516807112605,4.33218335755582,3.81740024934567,-2.27759042468133
2.71932830765368,2.72844619069399,4.3433498194354,0.888006858417669
3.73867709705349,4.22311634425515,3.24767857283726,-1.63013358891246
-5.00179099250405,-3.08487079390035,-7.46379372777654,9.99038551235286
-6.74596095124555,-0.7086262766791,14.2988070141684,-6.40548439905619
11.8269272467601,3.44047340212052,17.159303205776,-16.7718448950234
-4.6225876926213,-0.710846392459335,13.3237351653842,-16.869408684904
-5.43191956906655,2.75578512568409,-10.7099201963615,15.168685579277
-9.10968584520285,-4.87910621670662,15.3650676655295,-6.35725681980224
-4.51900047470952,-3.75813074249567,20.6873188381468,-16.3754529872956
-6.6378191360316,-19.298206424758,-11.6349030704298,20.4888336246791
4.07842532496777,4.8612450360313,5.49070186764106,-4.02186884807915
-2.38439754603239,-4.63167836794123,13.5137919568777,-5.23337068132559
4.906320593746,-2.53341554925594,11.8460436996124,-5.90773549905765
-3.4658710574085,-37.9386939376374,-17.0298692410854,37.3842253984031
3.00297396255915,-1.76774550516803,11.5682488016969,-6.07505676165004
-0.165907806353579,-12.9305081365089,19.6348564446846,-19.5973698667183
1.49764223558866,-5.61581820270384,-24.2880878792109,21.6999603516889
-8.61056553229239,-0.0131397613623262,10.5141368746917,-4.9551656573614
-4.64547505417942,-7.5431352870164,16.18773757281,-22.5804877989894
8.71839378890126,13.9358144310951,-24.6579252396909,17.9948752992933
-32.6090406829046,-4.91881626477831,-27.6596596109979,30.4544014214409
-4.17213034418427,13.1943651450193,9.72507614334619,-14.8827954232552
2.76630615617803,2.90846339090426,7.21826667388418,-4.78032662835718
3.21642558467211,-1.27544994448837,4.69609200241457,0.0193962026318552
6.49318442737217,-12.2924833993692,-8.383825319782,20.9887323593961
-4.43488860969263,7.87044910885838,10.4929847418597,-19.6700296192278
-25.213261249394,10.551926616335,-29.6821142940348,9.26101645719065
-21.1577256339027,9.59134239907744,-19.5993659551315,10.1459451612134
0.403592717808939,15.806358423279,10.1841379536999,-14.6784380855087
-1.0451562679768,-6.13220493567846,-7.25316660561889,25.6432974563317
12.9980370809944,-10.6755963975466,25.7918780848339,-18.7355233514425
-1.50766057753109,16.4355452119373,-36.9247244266746,15.3809365625158
-0.510401977604174,8.4851585370404,6.11179092192768,-7.6250548846557
17.7040010204508,-20.4038189420937,-5.46389788122227,31.7915311246337
15.7800756858239,7.04577255724319,-19.7172223421904,20.4814349424075
-1.59640151479345,7.80866402886432,6.02119612877858,-7.20805484304335
-1.3244780153275,1.5751006261037,16.3781946700241,-17.7624635432219
3.42263698993068,0.719189550033336,2.85164677863384,0.946907373106713
-3.22232608049966,-9.10890077441671,-13.4576901255524,43.5891980036699
-23.7135553856203,30.6879337618698,-46.9957261290725,15.2636859344078
14.8920753812747,24.8849454260723,-31.3024798013951,21.1213361322965
12.2255440533642,13.4761779042139,-34.6034248764204,20.5046463057032
-7.75682429424687,-4.38415296780504,18.0322349357507,-22.3860864485596
7.55738695766948,16.6229188299036,-32.0555612367315,20.2221827872154
-1.09586602222471,2.30319957172065,-1.20296599618946,4.03239705169902
11.1197739555411,-2.15337831444317,-18.6556064642963,21.7842906198128
10.0616929058737,3.28939762127108,15.8591488724291,-15.077736724949
-2.62480088769834,3.36700645113909,4.83065962889663,-5.55768147780248
-12.4136160153592,-14.41073996511,-10.4084698619903,37.4243132655182
-3.02510115329052,0.555593490755735,4.61847243308705,-2.15397207937643
7.96013901508087,1.3825608115239,19.5348739413131,-19.3846199435587
12.7947923617455,4.16669216492921,-9.37147394353136,18.1133679355297
-3.09563249464821,4.42421743151503,15.5306243577759,-18.1765421190588
10.2339348516896,0.963958137822736,9.65298732387983,-5.79819992583669
15.8510511258066,-8.34183048170373,20.8091381595479,-16.5966589041531
2.27481599208215,5.82685588261432,-42.5907856718552,19.5029166989925
16.0419992554311,-2.94854927660048,20.2427824022446,-15.4141958519423
4.35472169356932,-5.54856408184071,16.1910395001228,-25.1337803917857
2.74352114959706,17.5213865663809,-33.5551312682517,16.6495702935634
5.3567186326978,2.35154042241657,-22.137639253668,23.0049563398016
10.4415998831648,1.02260556058571,13.4121481684651,-9.78927746292137
-4.6280870952951,3.34316572096215,-17.7395530777688,10.9141926586498
1.43190548740907,-1.2341482348154,-8.34812837708892,9.70575930470963
-4.90460238163656,-8.81918714165,18.7169265238439,-11.1145919906153
2.19928357702845,-4.3640315827353,-9.43441716462661,14.7751068675761
5.61602304539915,-5.97628085013893,-17.1052337118534,19.1795200900938
1.98726041460321,-3.43006628686631,-1.19880482791373,2.79408537705811
5.7902950374034,8.66642757058832,-26.1240962441825,20.9517112951506
-0.0812599010695108,7.01858387775156,9.37205728872711,-8.42936222322574
16.768049187766,1.91821151102255,-23.9846324440481,32.8316736334021
-0.465721137098374,4.92630176609008,10.7023459081383,-6.48254391575777
9.36665363029851,-26.3383778139723,-17.1482086062715,38.4444312396673
-7.75912782789039,4.98391429125818,-19.7667779836425,6.86069988242569
5.84126853793848,-5.49882724116611,-19.2070974952728,25.8088360988752
-17.215748105999,-18.3460687884934,-27.6221453248584,31.2753424651102
11.6017010671944,3.29241582149627,14.2921316451206,-12.1186637837267
-2.07704313430466,6.49960153868909,7.31709275125903,-7.20789444310467
8.72350251835569,-9.72022958171839,-11.0937155248201,19.6363129144156
11.5699445878529,1.77376833888977,17.6429606955438,-13.0886103560264
-16.6849859135847,20.3621107802198,-39.9446497843791,18.5866124674389
4.92581062801902,-12.0607684364306,-11.3089947623077,23.0265469004424
14.883656325912,-2.28846167365057,18.9267040449891,-11.2660489818482
17.7656806464767,-4.65500068165568,22.5939409400162,-17.5347846009452
17.2996634005301,-3.6116894191849,18.0493543476861,-14.9034677792487
4.89032509392316,-2.29704856803084,9.53881336943648,-5.11121961398278
25.9230084132305,4.2181062779255,-26.1950279000718,32.4845658910872
-3.30884344951261,2.49746072100607,16.0940254117874,-18.4402162058148
11.7674872702366,9.97431750095448,-21.8835640858199,18.4369971807936
-15.3967151799586,-1.92689987372981,-16.5888762067293,36.8235597412473
-2.85725164587904,0.022165693600466,3.08763582255099,1.14659004448793
1.6617655493524,-1.72567533200292,4.61321921436192,-0.0748962445619297
-10.2204204272425,3.89339116572408,13.0753891007964,-16.6133972864625
11.5488533033721,3.88394821358691,-18.104801118363,21.4411702769522
10.3525772807757,3.24205950581143,-28.833116847694,25.4121069017212
9.67976051724623,0.399015757069238,-11.3884141857341,16.1743102256831
-7.32822489648813,9.78183032020415,16.0419422752489,-21.1242753654626
13.3510291465447,14.6169774512349,-12.6182514272856,19.8166727817323
20.1468722562993,-7.74197226895285,17.9262617022125,-20.261318078476
12.266295691477,0.628282236998446,-19.2456454157795,25.7049480029346
-5.4492919158841,2.95149492364128,12.4253458508455,-16.8571943585659
-2.79435568974902,-5.11921469860905,17.2757862819583,-18.598312853364
-5.34911093110422,6.93921247963296,-24.407925389835,12.3723891703537
-18.7628767199673,13.9507844104127,-30.6259091389066,25.7494077563094
21.6367330910024,3.88554660576874,-28.0090743458124,31.9530673449043
-18.0777222088325,5.68213221445325,-24.8277934597565,10.5418828935925
3.34207883939605,-8.56293624560281,-14.8843461578084,32.1759488044719
-21.1796628324395,1.19707213695769,-20.8989123921282,18.286501100223
-8.11901816027029,-0.526754274970584,14.9958476177142,-12.1271848029972
-25.8993243689305,8.42023292016251,-22.2776547148857,19.1334638047831
-4.27555613521888,7.13084486961869,13.1233890657249,-14.435797043553
10.3577844135377,17.0619137475529,-19.2656856741714,24.9109525526954
-1.6445851001277,1.71036425933138,6.72131361789673,-4.9943217477056
